
CREATE TABLE pessoa(
  cpf char(15),
  nome varchar(100),
  data_nascimento date,
  PRIMARY KEY(cpf)
);

CREATE TABLE pet(
	cpf char(15),
    nome varchar(100),
    especie varchar(100),
    raca varchar(100),
    PRIMARY KEY(cpf, nome),
    FOREIGN KEY(cpf) REFERENCES pessoa(cpf)
);

CREATE TABLE reserva(
	responsavel char(100),
    horario datetime,
    PRIMARY KEY(responsavel, horario)
);

INSERT INTO reserva VALUES ("João", "1970-01-01 00:00:00");

INSERT INTO pessoa VALUES("567.376.178-14","Maria","2004-05-28");
INSERT INTO pessoa VALUES("992.272.648-95","António","1989-01-14");
INSERT INTO pessoa VALUES("227.410.199-65","João","1999-11-10");
INSERT INTO pessoa VALUES("490.521.123-91","José","2001-11-12");
INSERT INTO pessoa VALUES("782.616.461-18","Francisco","1980-03-12");
INSERT INTO pessoa VALUES("292.650.220-25","Ana","1990-06-11");
INSERT INTO pessoa VALUES("756.736.738-52","Manuel","2004-12-05");
INSERT INTO pessoa VALUES("536.606.911-74","Luís","1986-08-21");
INSERT INTO pessoa VALUES("835.870.015-78","Mariana","1995-05-19");
INSERT INTO pessoa VALUES("831.278.524-54","Pedro","2000-10-24");
INSERT INTO pessoa VALUES("671.124.964-77","Fernando","1999-06-12");
INSERT INTO pessoa VALUES("450.592.436-98","Sofia","1992-05-15");
INSERT INTO pessoa VALUES("720.406.029-33","Margarida","1997-05-28");
INSERT INTO pessoa VALUES("619.694.905-15","Carlos","1994-09-18");
INSERT INTO pessoa VALUES("696.654.206-48","Isabel","1996-10-04");
INSERT INTO pessoa VALUES("708.341.265-57","Inês","1998-10-16");
INSERT INTO pessoa VALUES("196.295.161-72","Miguel","2005-01-11");
INSERT INTO pessoa VALUES("539.799.358-47","Nuno","2002-06-20");
INSERT INTO pessoa VALUES("701.603.271-07","Eduardo","1986-01-23");
INSERT INTO pessoa VALUES("826.901.289-40","Amélia","2005-12-09");
INSERT INTO pessoa VALUES("095.511.317-79","Bernardo","1992-05-08");
INSERT INTO pessoa VALUES("773.491.867-59","Catarina","1990-12-10");
INSERT INTO pessoa VALUES("050.730.688-64","Helena","2003-06-27");
INSERT INTO pessoa VALUES("661.523.456-33","Jaime","1995-07-12");
INSERT INTO pessoa VALUES("455.333.809-29","Rui","1986-10-12");
INSERT INTO pessoa VALUES("491.197.456-80","Alexandre","1985-06-08");
INSERT INTO pessoa VALUES("475.545.483-55","Frederico","1994-11-16");
INSERT INTO pessoa VALUES("820.638.688-13","Joana","1997-12-12");
INSERT INTO pessoa VALUES("919.458.593-40","Vasco","2002-09-09");
INSERT INTO pessoa VALUES("604.321.105-20","Alexandra","1981-01-18");
INSERT INTO pessoa VALUES("512.645.190-78","Beatriz","1994-11-02");
INSERT INTO pessoa VALUES("126.446.452-15","Daniel","1981-07-13");
INSERT INTO pessoa VALUES("538.350.044-90","Joaquim","1994-04-16");
INSERT INTO pessoa VALUES("755.460.032-93","Jorge","2005-10-27");
INSERT INTO pessoa VALUES("683.972.683-40","Josefa","1995-12-01");
INSERT INTO pessoa VALUES("938.622.634-28","Marta","1985-01-17");
INSERT INTO pessoa VALUES("596.725.453-05","Ricardo","1996-07-09");
INSERT INTO pessoa VALUES("517.903.110-23","Rodrigo","1980-08-28");
INSERT INTO pessoa VALUES("050.362.827-78","Rosa","1984-09-28");
INSERT INTO pessoa VALUES("953.971.256-30","Teresa","1983-11-05");
INSERT INTO pessoa VALUES("906.951.609-14","Virgínia","1995-11-10");
INSERT INTO pessoa VALUES("302.173.771-05","Armando","1988-12-26");
INSERT INTO pessoa VALUES("426.086.385-27","Bárbara","1986-12-06");
INSERT INTO pessoa VALUES("914.171.496-06","Carolina","1980-07-20");
INSERT INTO pessoa VALUES("362.992.463-20","Diogo","2002-05-25");
INSERT INTO pessoa VALUES("817.709.491-38","Duarte","1993-12-10");
INSERT INTO pessoa VALUES("179.246.233-90","Elias","1996-06-26");
INSERT INTO pessoa VALUES("580.688.367-82","Jerónimo","1991-02-23");
INSERT INTO pessoa VALUES("021.901.249-10","Júlio","1997-01-09");
INSERT INTO pessoa VALUES("135.816.543-39","Laura","1982-07-09");
INSERT INTO pessoa VALUES("771.384.548-11","Paulo","1980-06-03");
INSERT INTO pessoa VALUES("866.055.155-33","Raquel","1988-01-28");
INSERT INTO pessoa VALUES("702.106.255-08","Rita","1981-07-27");
INSERT INTO pessoa VALUES("091.327.562-58","Violeta","1994-03-02");
INSERT INTO pessoa VALUES("435.657.711-06","Adelaide","1988-07-21");
INSERT INTO pessoa VALUES("951.514.802-67","Aires","1989-02-28");
INSERT INTO pessoa VALUES("805.256.105-60","Alberto","1995-06-12");
INSERT INTO pessoa VALUES("427.736.919-65","Alda","2001-02-15");
INSERT INTO pessoa VALUES("417.956.496-69","André","1985-04-06");
INSERT INTO pessoa VALUES("474.560.141-52","Antero","1986-04-17");
INSERT INTO pessoa VALUES("487.094.311-50","Artur","1985-06-18");
INSERT INTO pessoa VALUES("424.389.125-72","Augusto","1992-10-07");
INSERT INTO pessoa VALUES("976.213.634-91","Bento","1981-12-20");
INSERT INTO pessoa VALUES("589.891.593-30","Bernarda","1996-02-21");
INSERT INTO pessoa VALUES("087.719.974-63","Carla","2000-08-05");
INSERT INTO pessoa VALUES("015.717.248-30","Carlota","1983-04-14");
INSERT INTO pessoa VALUES("525.706.879-70","Casimir","1985-07-25");
INSERT INTO pessoa VALUES("057.782.898-22","Clara","2004-09-23");
INSERT INTO pessoa VALUES("525.363.123-57","Constança","1980-03-11");
INSERT INTO pessoa VALUES("907.928.721-06","Domingos","1986-12-20");
INSERT INTO pessoa VALUES("025.827.923-55","Ethna","1986-12-20");
INSERT INTO pessoa VALUES("298.584.403-22","Filipa","2000-03-14");
INSERT INTO pessoa VALUES("488.821.036-97","Filipe","1987-05-28");
INSERT INTO pessoa VALUES("245.439.504-53","Francisca","1987-11-05");
INSERT INTO pessoa VALUES("357.652.244-98","Gabriel","1991-08-23");
INSERT INTO pessoa VALUES("642.920.684-68","Gabriela","1990-09-19");
INSERT INTO pessoa VALUES("410.378.772-54","Gertrudes","2002-06-03");
INSERT INTO pessoa VALUES("690.452.544-78","Gisele","1998-11-11");
INSERT INTO pessoa VALUES("535.817.211-77","Gonçalo","1989-08-06");
INSERT INTO pessoa VALUES("677.703.425-59","Henrique","1983-12-19");
INSERT INTO pessoa VALUES("208.425.486-34","Irene","1986-03-24");
INSERT INTO pessoa VALUES("208.220.596-65","Joaquina","1996-04-06");
INSERT INTO pessoa VALUES("483.763.812-58","Juan","1994-05-02");
INSERT INTO pessoa VALUES("186.243.215-59","Juana","1994-03-21");
INSERT INTO pessoa VALUES("745.050.107-56","Júlia","1999-06-07");
INSERT INTO pessoa VALUES("754.494.279-39","Julieta","1996-05-14");
INSERT INTO pessoa VALUES("378.913.830-82","Leonor","2004-05-02");
INSERT INTO pessoa VALUES("410.087.635-77","Levi","1994-04-05");
INSERT INTO pessoa VALUES("586.684.709-93","Libânia","1995-10-05");
INSERT INTO pessoa VALUES("462.897.080-52","Madalena","1987-08-22");
INSERT INTO pessoa VALUES("150.094.474-60","Mário","1998-02-13");
INSERT INTO pessoa VALUES("410.344.441-53","Natália","1983-10-27");
INSERT INTO pessoa VALUES("523.144.472-19","Palmira","2003-08-07");
INSERT INTO pessoa VALUES("080.657.159-66","Patrícia","2003-02-21");
INSERT INTO pessoa VALUES("880.941.140-21","Rosália","1994-09-22");
INSERT INTO pessoa VALUES("389.174.591-78","Sandra","1993-09-03");
INSERT INTO pessoa VALUES("866.494.248-90","Tiago","1987-12-17");
INSERT INTO pessoa VALUES("810.685.294-12","Vera","2003-01-13");
INSERT INTO pessoa VALUES("065.804.327-43","Victor","1998-10-18");
INSERT INTO pessoa VALUES("856.175.960-86","Afonso","1998-03-13");
INSERT INTO pessoa VALUES("237.406.626-90","Alice","1995-12-05");
INSERT INTO pessoa VALUES("585.663.728-50","Alvarim","1982-05-25");
INSERT INTO pessoa VALUES("044.472.718-30","Álvaro","1980-11-27");
INSERT INTO pessoa VALUES("151.487.480-63","Anabela","2003-05-26");
INSERT INTO pessoa VALUES("548.854.580-42","Andrea","1987-03-27");
INSERT INTO pessoa VALUES("253.078.120-06","Andreia","1980-10-14");
INSERT INTO pessoa VALUES("461.706.710-35","Aniceto","2001-06-11");
INSERT INTO pessoa VALUES("815.195.674-05","Anne","1992-12-09");
INSERT INTO pessoa VALUES("739.608.521-76","Anselmo","1981-01-21");
INSERT INTO pessoa VALUES("985.177.626-98","Arthur","1984-10-03");
INSERT INTO pessoa VALUES("452.675.726-22","Basílio","1984-09-11");
INSERT INTO pessoa VALUES("040.403.214-46","Belarmina","1994-08-11");
INSERT INTO pessoa VALUES("803.258.302-34","Belmira","1982-12-05");
INSERT INTO pessoa VALUES("175.608.354-59","Benjamin","1993-06-19");
INSERT INTO pessoa VALUES("046.800.091-90","Bianca","1980-02-24");
INSERT INTO pessoa VALUES("831.316.998-82","Catalina","2000-05-20");
INSERT INTO pessoa VALUES("607.823.452-27","Cláudio","2001-08-04");
INSERT INTO pessoa VALUES("188.794.327-37","Conceição","1990-07-28");
INSERT INTO pessoa VALUES("528.390.709-70","Cristiana","1981-02-19");
INSERT INTO pessoa VALUES("007.093.003-54","Cristóbal","1994-11-17");
INSERT INTO pessoa VALUES("217.511.012-59","Daniela","1999-03-13");
INSERT INTO pessoa VALUES("413.017.065-76","Danielle","1992-11-06");
INSERT INTO pessoa VALUES("455.468.682-42","David","1999-02-17");
INSERT INTO pessoa VALUES("641.950.267-84","Denise","2003-08-07");
INSERT INTO pessoa VALUES("826.201.528-76","Diana","1980-03-19");
INSERT INTO pessoa VALUES("936.151.084-57","Ekaterina","2003-03-17");
INSERT INTO pessoa VALUES("215.361.022-64","Elvira","1990-01-25");
INSERT INTO pessoa VALUES("215.980.328-77","Ema","1982-01-17");
INSERT INTO pessoa VALUES("250.185.275-63","Emília","2001-03-05");
INSERT INTO pessoa VALUES("303.290.586-57","Enrique","1985-12-03");
INSERT INTO pessoa VALUES("594.224.221-76","Ernesto","1985-02-17");
INSERT INTO pessoa VALUES("949.785.117-92","Evandro","1980-03-15");
INSERT INTO pessoa VALUES("687.257.574-87","Ewa","2002-04-26");
INSERT INTO pessoa VALUES("923.820.786-88","Fabiana","1992-06-26");
INSERT INTO pessoa VALUES("869.476.630-42","Fernanda","1983-09-16");
INSERT INTO pessoa VALUES("878.706.425-87","Filomena","1996-10-03");
INSERT INTO pessoa VALUES("152.798.537-81","Flora","1984-12-10");
INSERT INTO pessoa VALUES("663.340.226-23","Gabriele","1986-12-10");
INSERT INTO pessoa VALUES("478.167.508-21","Geo","1990-11-02");
INSERT INTO pessoa VALUES("919.096.926-94","Gilka","1996-08-20");
INSERT INTO pessoa VALUES("567.108.738-80","Giulio","1984-07-06");
INSERT INTO pessoa VALUES("160.736.845-44","Gustavo","1990-05-01");
INSERT INTO pessoa VALUES("205.740.538-22","Hanna","1988-06-01");
INSERT INTO pessoa VALUES("373.047.506-64","Henriqueta","1986-09-28");
INSERT INTO pessoa VALUES("548.178.780-43","Holly","1984-07-03");
INSERT INTO pessoa VALUES("224.855.224-38","Hugo","1996-04-02");
INSERT INTO pessoa VALUES("218.556.187-84","Inácio","1980-05-12");
INSERT INTO pessoa VALUES("072.365.749-19","Ingrid","2002-07-16");
INSERT INTO pessoa VALUES("603.461.997-90","Isadora","1992-05-06");
INSERT INTO pessoa VALUES("715.608.382-83","Jacinto","1998-02-15");
INSERT INTO pessoa VALUES("612.310.604-44","Jack","1988-05-16");
INSERT INTO pessoa VALUES("336.533.139-78","James","1998-05-24");
INSERT INTO pessoa VALUES("947.673.052-66","Januário","1995-12-04");
INSERT INTO pessoa VALUES("010.076.850-60","Joaquin","1998-08-03");
INSERT INTO pessoa VALUES("486.915.690-15","Joe","2000-04-02");
INSERT INTO pessoa VALUES("747.461.129-87","Joseph","2005-10-20");
INSERT INTO pessoa VALUES("396.920.340-98","Leocádia","1990-10-15");
INSERT INTO pessoa VALUES("912.205.500-51","Leodegário","1987-06-07");
INSERT INTO pessoa VALUES("119.150.976-07","Leon","1982-07-20");
INSERT INTO pessoa VALUES("363.947.254-19","Lourença","1990-01-17");
INSERT INTO pessoa VALUES("206.577.140-11","Lourenço","1987-05-24");
INSERT INTO pessoa VALUES("620.090.795-10","Lucas","1997-11-28");
INSERT INTO pessoa VALUES("077.087.559-21","Luciana","1991-01-24");
INSERT INTO pessoa VALUES("435.167.754-52","Lucília","2004-01-27");
INSERT INTO pessoa VALUES("511.938.457-93","Lucinda","1991-12-20");
INSERT INTO pessoa VALUES("497.275.082-13","Mafalda","2003-07-15");
INSERT INTO pessoa VALUES("594.585.615-82","Magdalena","2000-12-15");
INSERT INTO pessoa VALUES("660.712.984-34","Marcos","1998-01-19");
INSERT INTO pessoa VALUES("931.051.555-88","Margarita","2001-07-05");
INSERT INTO pessoa VALUES("219.910.791-01","Mariano","1995-08-21");
INSERT INTO pessoa VALUES("978.439.068-85","Marina","1983-08-06");
INSERT INTO pessoa VALUES("547.929.833-05","Martinho","1990-10-01");
INSERT INTO pessoa VALUES("968.018.467-67","Mateus","2002-01-09");
INSERT INTO pessoa VALUES("032.094.467-11","Matilde","1991-10-15");
INSERT INTO pessoa VALUES("740.619.670-78","Maximilian","1988-08-02");
INSERT INTO pessoa VALUES("132.648.736-03","Mijael","1997-04-08");
INSERT INTO pessoa VALUES("877.525.246-48","Mohcine","1995-04-12");
INSERT INTO pessoa VALUES("727.494.260-66","Mónica","1985-03-14");
INSERT INTO pessoa VALUES("726.961.100-18","Nelson","1996-04-12");
INSERT INTO pessoa VALUES("404.398.432-63","Neuza","1996-03-21");
INSERT INTO pessoa VALUES("101.668.620-16","Nicholas","2000-01-22");
INSERT INTO pessoa VALUES("150.252.107-00","Nicole","1989-04-27");
INSERT INTO pessoa VALUES("681.889.379-70","Ofélia","2004-03-28");
INSERT INTO pessoa VALUES("300.527.007-49","Otília","2000-08-09");
INSERT INTO pessoa VALUES("639.556.996-72","Paula","1995-05-09");
INSERT INTO pessoa VALUES("501.670.508-14","Pierre","2001-09-18");
INSERT INTO pessoa VALUES("923.076.081-92","Plácido","1980-03-17");
INSERT INTO pessoa VALUES("620.983.544-62","Plautilla","1981-04-24");
INSERT INTO pessoa VALUES("843.878.384-63","Raul","2000-07-09");
INSERT INTO pessoa VALUES("530.042.308-58","Raymond","2001-01-26");
INSERT INTO pessoa VALUES("700.134.269-91","Reinaldo","1993-08-01");
INSERT INTO pessoa VALUES("940.564.431-21","Rosária","1987-03-08");
INSERT INTO pessoa VALUES("164.483.424-24","Rosina","2002-03-24");
INSERT INTO pessoa VALUES("228.795.372-52","Rosineide","1994-03-09");
INSERT INTO pessoa VALUES("543.667.122-15","Ruben","1982-01-05");
INSERT INTO pessoa VALUES("916.113.433-81","Ryan","1995-06-18");
INSERT INTO pessoa VALUES("579.693.005-64","Salvador","1981-04-14");
INSERT INTO pessoa VALUES("259.562.780-67","Santiago","2002-07-26");
INSERT INTO pessoa VALUES("005.115.041-56","Sara","1992-11-06");
INSERT INTO pessoa VALUES("230.198.193-68","Sebastian","1998-06-11");
INSERT INTO pessoa VALUES("508.557.288-95","Sebastião","1982-06-25");
INSERT INTO pessoa VALUES("931.572.439-28","Simone","1988-07-26");
INSERT INTO pessoa VALUES("322.336.991-72","Sónia","1990-05-21");
INSERT INTO pessoa VALUES("143.922.721-56","Suidberto","1987-07-15");
INSERT INTO pessoa VALUES("325.122.138-90","Tatiana","2005-04-02");
INSERT INTO pessoa VALUES("142.808.252-16","Thomas","2000-03-22");
INSERT INTO pessoa VALUES("808.520.778-38","Tomás","2005-03-08");
INSERT INTO pessoa VALUES("139.008.283-46","Úrsula","1993-04-07");
INSERT INTO pessoa VALUES("215.158.131-04","Valentina","1987-12-02");
INSERT INTO pessoa VALUES("632.840.532-72","Venetia","1999-11-16");
INSERT INTO pessoa VALUES("814.416.518-28","Yasmin","1998-07-17");

INSERT INTO pet VALUES("912.205.500-51","Fiona","felino","Pelo Curto Brasileiro");
INSERT INTO pet VALUES("641.950.267-84","Peter","felino","Pelo Curto Brasileiro");
INSERT INTO pet VALUES("050.362.827-78","Nietzsche","canino","Dogue alemão");
INSERT INTO pet VALUES("427.736.919-65","Rosita","felino","Himalaio");
INSERT INTO pet VALUES("579.693.005-64","Poliana","felino","Siamês");
INSERT INTO pet VALUES("005.115.041-56","Danny","canino","Shih tzu");
INSERT INTO pet VALUES("025.827.923-55","Groot","canino","Pinscher");
INSERT INTO pet VALUES("535.817.211-77","Fiona","canino","Poodle");
INSERT INTO pet VALUES("072.365.749-19","Troy","canino","Akita");
INSERT INTO pet VALUES("708.341.265-57","Happy","canino","Beagle");
INSERT INTO pet VALUES("923.820.786-88","Jeff","canino","Basset hound");
INSERT INTO pet VALUES("517.903.110-23","Muttley","canino","Dachshund");
INSERT INTO pet VALUES("497.275.082-13","Olga","felino","Azul Russo");
INSERT INTO pet VALUES("410.344.441-53","Scooby","canino","Akita");
INSERT INTO pet VALUES("878.706.425-87","Koda","felino","Pelo Curto Brasileiro");
INSERT INTO pet VALUES("808.520.778-38","Morango","canino","Akita");
INSERT INTO pet VALUES("525.706.879-70","Elisa","felino","Siamês");
INSERT INTO pet VALUES("803.258.302-34","Condessa","felino","Gato Persa");
INSERT INTO pet VALUES("620.090.795-10","Angelina","canino","Doberman");
INSERT INTO pet VALUES("567.376.178-14","Logan","felino","Snowshoe");
INSERT INTO pet VALUES("080.657.159-66","Stallone","felino","Gato Persa");
INSERT INTO pet VALUES("435.167.754-52","Thabata","felino","Exótico");
INSERT INTO pet VALUES("826.901.289-40","Carrie","felino","Gato Persa");
INSERT INTO pet VALUES("906.951.609-14","Penélope","felino","Azul Russo");
INSERT INTO pet VALUES("949.785.117-92","Ozzy","felino","Pelo Curto Americano");
INSERT INTO pet VALUES("417.956.496-69","Bruce","canino","Border collie");
INSERT INTO pet VALUES("032.094.467-11","Nietzsche","canino","Yorkshire");
INSERT INTO pet VALUES("435.657.711-06","Penny","canino","Beagle");
INSERT INTO pet VALUES("740.619.670-78","Tulipa","felino","Pelo Curto Americano");
INSERT INTO pet VALUES("803.258.302-34","Bernadette","canino","Boiadeiro australiano");
INSERT INTO pet VALUES("478.167.508-21","Poliana","canino","Pinscher");
INSERT INTO pet VALUES("478.167.508-21","Luigi","felino","Siamês");
INSERT INTO pet VALUES("218.556.187-84","Tarzan","felino","Pelo Curto Americano");
INSERT INTO pet VALUES("091.327.562-58","Ferrugem","canino","Border collie");
INSERT INTO pet VALUES("580.688.367-82","Jujuba","felino","Pelo Curto Brasileiro");
INSERT INTO pet VALUES("150.094.474-60","Marley","felino","Gato Persa");
INSERT INTO pet VALUES("101.668.620-16","Norman","felino","Angorá Turco");
INSERT INTO pet VALUES("947.673.052-66","Danny","canino","Dachshund");
INSERT INTO pet VALUES("619.694.905-15","Judith","felino","Snowshoe");
INSERT INTO pet VALUES("949.785.117-92","Claire","felino","Himalaio");
INSERT INTO pet VALUES("632.840.532-72","Flash","canino","Shih tzu");
INSERT INTO pet VALUES("985.177.626-98","Percy","felino","Snowshoe");
INSERT INTO pet VALUES("978.439.068-85","Spielberg","felino","Angorá Turco");
INSERT INTO pet VALUES("228.795.372-52","Lily","felino","Exótico");
INSERT INTO pet VALUES("727.494.260-66","Eddie","canino","Pug");
INSERT INTO pet VALUES("150.252.107-00","Condessa","canino","Dogo argentino");
INSERT INTO pet VALUES("547.929.833-05","Neo","canino","Dálmata");
INSERT INTO pet VALUES("483.763.812-58","Bertolucci","canino","Fila brasileiro");
INSERT INTO pet VALUES("259.562.780-67","Amora","felino","Exótico");
INSERT INTO pet VALUES("620.983.544-62","Alegria","felino","Azul Russo");
INSERT INTO pet VALUES("869.476.630-42","Flor","felino","Gato Persa");
INSERT INTO pet VALUES("404.398.432-63","Mary Jane","canino","Border collie");
INSERT INTO pet VALUES("227.410.199-65","Hobbit","felino","Pelo Curto Brasileiro");
INSERT INTO pet VALUES("410.378.772-54","Nívea","felino","Siamês");
INSERT INTO pet VALUES("715.608.382-83","Luke","canino","Boxer");
INSERT INTO pet VALUES("953.971.256-30","Dobby","felino","Gato Persa");
INSERT INTO pet VALUES("567.108.738-80","Bernadette","canino","Pastor australiano");
INSERT INTO pet VALUES("696.654.206-48","Rambo","felino","Siamês");
INSERT INTO pet VALUES("363.947.254-19","Gaia","felino","Azul Russo");
INSERT INTO pet VALUES("424.389.125-72","Winston","canino","Husky siberiano");
INSERT INTO pet VALUES("091.327.562-58","Dalila","canino","Lulu da pomerânia");
INSERT INTO pet VALUES("057.782.898-22","Sunny","felino","Pelo Curto Brasileiro");
INSERT INTO pet VALUES("831.278.524-54","Shelby","canino","Shar-pei");
INSERT INTO pet VALUES("424.389.125-72","Marley","canino","Dogo argentino");
INSERT INTO pet VALUES("594.224.221-76","Happy","felino","Snowshoe");
INSERT INTO pet VALUES("435.167.754-52","Ford","canino","Rottweiler");
INSERT INTO pet VALUES("866.494.248-90","Peter","canino","Buldogue inglês");
INSERT INTO pet VALUES("940.564.431-21","Sol","felino","Snowshoe");
INSERT INTO pet VALUES("530.042.308-58","Carrie","felino","Azul Russo");
INSERT INTO pet VALUES("217.511.012-59","Diana","canino","Dogo argentino");
INSERT INTO pet VALUES("700.134.269-91","Gustaf","felino","Siamês");
INSERT INTO pet VALUES("589.891.593-30","Rambo","felino","Gato Persa");
INSERT INTO pet VALUES("512.645.190-78","Dalila","felino","Snowshoe");
INSERT INTO pet VALUES("224.855.224-38","Lily","felino","Siamês");
INSERT INTO pet VALUES("677.703.425-59","Falcão","canino","Yorkshire");
INSERT INTO pet VALUES("450.592.436-98","Saramago","canino","Boxer");
INSERT INTO pet VALUES("826.201.528-76","Fiona","felino","Gato Persa");
INSERT INTO pet VALUES("215.361.022-64","Petris","canino","Dogo argentino");
INSERT INTO pet VALUES("373.047.506-64","Bilbo","felino","Azul Russo");
INSERT INTO pet VALUES("639.556.996-72","Mary Jane","felino","Angorá Turco");
INSERT INTO pet VALUES("878.706.425-87","Ozzy","canino","Husky siberiano");
INSERT INTO pet VALUES("021.901.249-10","Charles","felino","Snowshoe");
INSERT INTO pet VALUES("538.350.044-90","Andie","felino","Exótico");
INSERT INTO pet VALUES("589.891.593-30","Pirata","canino","Shiba");
INSERT INTO pet VALUES("091.327.562-58","Luigi","canino","Husky siberiano");
INSERT INTO pet VALUES("607.823.452-27","Belinha","felino","Pelo Curto Brasileiro");
INSERT INTO pet VALUES("586.684.709-93","Patty","felino","Angorá Turco");
INSERT INTO pet VALUES("010.076.850-60","Maya","felino","Gato Persa");
INSERT INTO pet VALUES("756.736.738-52","Ariel","felino","Pelo Curto Brasileiro");
INSERT INTO pet VALUES("417.956.496-69","Jon Snow","felino","Pelo Curto Brasileiro");
INSERT INTO pet VALUES("880.941.140-21","Rambo","felino","Snowshoe");
INSERT INTO pet VALUES("906.951.609-14","Norman","felino","Siamês");
INSERT INTO pet VALUES("152.798.537-81","Hulk","felino","Pelo Curto Americano");
INSERT INTO pet VALUES("708.341.265-57","Mordecai","canino","Jack russell terrier");
INSERT INTO pet VALUES("150.252.107-00","Stuart","canino","Mastiff inglês");
INSERT INTO pet VALUES("720.406.029-33","Elisa","canino","Husky siberiano");
INSERT INTO pet VALUES("580.688.367-82","Beatriz","canino","Golden retriever");
INSERT INTO pet VALUES("050.362.827-78","Samurai","canino","Beagle");
INSERT INTO pet VALUES("604.321.105-20","Aurora","canino","Shih tzu");
INSERT INTO pet VALUES("005.115.041-56","Luma","felino","Pelo Curto Brasileiro");
INSERT INTO pet VALUES("612.310.604-44","Bambam","canino","Boxer");
INSERT INTO pet VALUES("586.684.709-93","Dalila","canino","Staffordshire bull terrier");
INSERT INTO pet VALUES("528.390.709-70","Flor","canino","Shih tzu");
INSERT INTO pet VALUES("690.452.544-78","Pirata","felino","Azul Russo");
INSERT INTO pet VALUES("814.416.518-28","Kim","canino","Staffordshire bull terrier");
INSERT INTO pet VALUES("683.972.683-40","Aidan","felino","Pelo Curto Brasileiro");
INSERT INTO pet VALUES("410.344.441-53","Diana","felino","Exótico");
INSERT INTO pet VALUES("810.685.294-12","Dudu","felino","Angorá Turco");
INSERT INTO pet VALUES("164.483.424-24","Condessa","canino","Lulu da pomerânia");
INSERT INTO pet VALUES("230.198.193-68","Celeste","canino","Pit bull");
INSERT INTO pet VALUES("450.592.436-98","Jeff","felino","Angorá Turco");
INSERT INTO pet VALUES("044.472.718-30","Thabata","felino","Gato Persa");
INSERT INTO pet VALUES("475.545.483-55","Matilda","felino","Pelo Curto Americano");
INSERT INTO pet VALUES("143.922.721-56","Hulk","felino","Siamês");
INSERT INTO pet VALUES("050.362.827-78","Dudu","canino","Maltês");
INSERT INTO pet VALUES("175.608.354-59","Diana","felino","Azul Russo");
INSERT INTO pet VALUES("475.545.483-55","Lucky","canino","Chow chow");
INSERT INTO pet VALUES("077.087.559-21","Blake","canino","Boxer");
INSERT INTO pet VALUES("250.185.275-63","Morango","felino","Pelo Curto Americano");
INSERT INTO pet VALUES("548.178.780-43","Mario","canino","Pit bull");
INSERT INTO pet VALUES("517.903.110-23","Jon Snow","felino","Exótico");
INSERT INTO pet VALUES("245.439.504-53","Koda","canino","Labrador retriever");
INSERT INTO pet VALUES("619.694.905-15","Peter","canino","Husky siberiano");
INSERT INTO pet VALUES("450.592.436-98","Bambam","canino","Lhasa apso");
INSERT INTO pet VALUES("160.736.845-44","Maeve","canino","Border collie");
INSERT INTO pet VALUES("487.094.311-50","Fluffy","canino","Weimaraner");
INSERT INTO pet VALUES("596.725.453-05","Chelsea","felino","Himalaio");
INSERT INTO pet VALUES("410.378.772-54","Luigi","canino","Lulu da pomerânia");
INSERT INTO pet VALUES("517.903.110-23","Nolan","canino","Yorkshire");
INSERT INTO pet VALUES("497.275.082-13","Tom","felino","Angorá Turco");
INSERT INTO pet VALUES("160.736.845-44","Aurora","canino","Beagle");
INSERT INTO pet VALUES("740.619.670-78","Judith","felino","Himalaio");
INSERT INTO pet VALUES("906.951.609-14","Pirata","canino","Shar-pei");
INSERT INTO pet VALUES("435.167.754-52","Judith","canino","Dogue alemão");
INSERT INTO pet VALUES("756.736.738-52","Cersei","felino","Siamês");
INSERT INTO pet VALUES("511.938.457-93","Clementine","felino","Siamês");
INSERT INTO pet VALUES("218.556.187-84","Morgan","felino","Pelo Curto Americano");
INSERT INTO pet VALUES("245.439.504-53","Flor","felino","Azul Russo");
INSERT INTO pet VALUES("475.545.483-55","Leia","felino","Angorá Turco");
INSERT INTO pet VALUES("486.915.690-15","Nile","canino","Bull terrier");
INSERT INTO pet VALUES("259.562.780-67","Bartolomeu","canino","Cane corso");
INSERT INTO pet VALUES("677.703.425-59","Bambam","felino","Exótico");
INSERT INTO pet VALUES("923.076.081-92","Ziggy","canino","Pug");
INSERT INTO pet VALUES("080.657.159-66","Diana","canino","Schnauzer");
INSERT INTO pet VALUES("639.556.996-72","Gio","felino","Azul Russo");
INSERT INTO pet VALUES("188.794.327-37","Lua","felino","Azul Russo");
INSERT INTO pet VALUES("755.460.032-93","Bela","felino","Himalaio");
INSERT INTO pet VALUES("580.688.367-82","Frodo","canino","Boxer");
INSERT INTO pet VALUES("677.703.425-59","Tom","felino","Pelo Curto Americano");
INSERT INTO pet VALUES("488.821.036-97","Mittens","canino","Golden retriever");
INSERT INTO pet VALUES("424.389.125-72","Simba","canino","Dogue alemão");
INSERT INTO pet VALUES("057.782.898-22","Penélope","felino","Pelo Curto Americano");
INSERT INTO pet VALUES("511.938.457-93","Bruce","canino","Poodle");
INSERT INTO pet VALUES("869.476.630-42","Merlin","canino","Bichon frisé");
INSERT INTO pet VALUES("150.094.474-60","Malfoy","felino","Pelo Curto Brasileiro");
INSERT INTO pet VALUES("817.709.491-38","Marley","canino","Shih tzu");
INSERT INTO pet VALUES("032.094.467-11","Vigarista","canino","Lulu da pomerânia");
INSERT INTO pet VALUES("461.706.710-35","Bambam","canino","Rottweiler");
INSERT INTO pet VALUES("040.403.214-46","Tina","canino","Pug");
INSERT INTO pet VALUES("708.341.265-57","Manuela","canino","Chihuahua");
INSERT INTO pet VALUES("206.577.140-11","Boomer","canino","Boston terrier");
INSERT INTO pet VALUES("208.220.596-65","Homer","canino","Pastor alemão");
INSERT INTO pet VALUES("228.795.372-52","Aidan","canino","Doberman");
INSERT INTO pet VALUES("208.425.486-34","Lua","canino","Pastor de Shetland");
INSERT INTO pet VALUES("497.275.082-13","Bonnie","canino","Pequinês");
INSERT INTO pet VALUES("237.406.626-90","Troy","canino","Boxer");
INSERT INTO pet VALUES("025.827.923-55","Alice","felino","Exótico");
INSERT INTO pet VALUES("150.252.107-00","Órbita","canino","Beagle");
INSERT INTO pet VALUES("586.684.709-93","Ash","felino","Siamês");
INSERT INTO pet VALUES("663.340.226-23","Winston","canino","Maltês");
INSERT INTO pet VALUES("923.076.081-92","Olavo","canino","Shih tzu");
INSERT INTO pet VALUES("931.051.555-88","Cristal","felino","Siamês");
INSERT INTO pet VALUES("208.220.596-65","Charles","canino","Boxer");
INSERT INTO pet VALUES("831.278.524-54","Ronald","canino","Dogue alemão");
INSERT INTO pet VALUES("245.439.504-53","Stella","felino","Gato Persa");
INSERT INTO pet VALUES("517.903.110-23","Jujuba","felino","Azul Russo");
INSERT INTO pet VALUES("866.494.248-90","Relâmpago","canino","Golden retriever");
INSERT INTO pet VALUES("968.018.467-67","Pikachu","felino","Gato Persa");
INSERT INTO pet VALUES("215.158.131-04","Lex","felino","Gato Persa");
INSERT INTO pet VALUES("585.663.728-50","Penélope","felino","Gato Persa");
INSERT INTO pet VALUES("215.361.022-64","Olga","felino","Pelo Curto Brasileiro");
INSERT INTO pet VALUES("132.648.736-03","Mao","canino","Lulu da pomerânia");
INSERT INTO pet VALUES("208.220.596-65","Ford","canino","Dogue alemão");
INSERT INTO pet VALUES("142.808.252-16","Morpheus","felino","Siamês");
INSERT INTO pet VALUES("663.340.226-23","Luna","canino","Fila brasileiro");
INSERT INTO pet VALUES("322.336.991-72","Nolan","felino","Pelo Curto Brasileiro");
INSERT INTO pet VALUES("708.341.265-57","Lua","felino","Exótico");
INSERT INTO pet VALUES("237.406.626-90","Clementine","canino","Chow chow");
INSERT INTO pet VALUES("815.195.674-05","Bonnie","felino","Exótico");
INSERT INTO pet VALUES("687.257.574-87","Will","canino","Buldogue inglês");
INSERT INTO pet VALUES("253.078.120-06","Mario","felino","Pelo Curto Brasileiro");
INSERT INTO pet VALUES("025.827.923-55","Spielberg","canino","Bichon frisé");
INSERT INTO pet VALUES("188.794.327-37","Lucky","felino","Gato Persa");
INSERT INTO pet VALUES("603.461.997-90","Batman","canino","Bull terrier");
INSERT INTO pet VALUES("404.398.432-63","Zelda","felino","Snowshoe");
INSERT INTO pet VALUES("478.167.508-21","Coringa","canino","Pit bull");
INSERT INTO pet VALUES("612.310.604-44","Mafalda","felino","Snowshoe");
INSERT INTO pet VALUES("490.521.123-91","Fischer","felino","Gato Persa");
INSERT INTO pet VALUES("150.252.107-00","Edgar","canino","Buldogue inglês");
INSERT INTO pet VALUES("517.903.110-23","Darryl","canino","Golden retriever");
INSERT INTO pet VALUES("835.870.015-78","Ford","felino","Pelo Curto Brasileiro");
INSERT INTO pet VALUES("907.928.721-06","Bambam","felino","Himalaio");
INSERT INTO pet VALUES("831.278.524-54","Vini","canino","Buldogue francês");
INSERT INTO pet VALUES("949.785.117-92","Amélia","canino","Schnauzer");
INSERT INTO pet VALUES("025.827.923-55","Órbita","canino","Cavalier king charles spaniel");
INSERT INTO pet VALUES("596.725.453-05","Belinha","felino","Siamês");
INSERT INTO pet VALUES("091.327.562-58","Pedrita","felino","Pelo Curto Brasileiro");
INSERT INTO pet VALUES("585.663.728-50","Boomer","felino","Siamês");
INSERT INTO pet VALUES("427.736.919-65","Morgan","canino","Basset hound");
INSERT INTO pet VALUES("835.870.015-78","Cameron","canino","Boston terrier");
INSERT INTO pet VALUES("050.362.827-78","Morango","canino","Bull terrier");
INSERT INTO pet VALUES("151.487.480-63","Edgar","canino","Basset hound");
INSERT INTO pet VALUES("228.795.372-52","Dolores","felino","Pelo Curto Americano");
INSERT INTO pet VALUES("727.494.260-66","Mel","canino","Bull terrier");
INSERT INTO pet VALUES("452.675.726-22","Minnie","felino","Azul Russo");
INSERT INTO pet VALUES("142.808.252-16","Eva","felino","Angorá Turco");
INSERT INTO pet VALUES("501.670.508-14","Gio","felino","Azul Russo");
INSERT INTO pet VALUES("478.167.508-21","Bruce","canino","Lhasa apso");
INSERT INTO pet VALUES("580.688.367-82","Tarzan","felino","Azul Russo");
INSERT INTO pet VALUES("164.483.424-24","Nemo","canino","Dálmata");
INSERT INTO pet VALUES("539.799.358-47","Kiko","canino","Staffordshire bull terrier");
INSERT INTO pet VALUES("292.650.220-25","Kim","canino","Cocker spaniel inglês");
INSERT INTO pet VALUES("585.663.728-50","Frodo","felino","Pelo Curto Americano");
INSERT INTO pet VALUES("843.878.384-63","Happy","canino","Mastim tibetano");
INSERT INTO pet VALUES("949.785.117-92","Bertolucci","felino","Gato Persa");
INSERT INTO pet VALUES("322.336.991-72","Dudu","canino","Pastor de Shetland");
INSERT INTO pet VALUES("455.333.809-29","Luna","felino","Snowshoe");
INSERT INTO pet VALUES("548.854.580-42","Scooby","canino","Pastor de Shetland");
INSERT INTO pet VALUES("530.042.308-58","Dolores","canino","Poodle");
INSERT INTO pet VALUES("072.365.749-19","Caleb","canino","Buldogue francês");
INSERT INTO pet VALUES("450.592.436-98","Maggie","canino","Dogo argentino");
INSERT INTO pet VALUES("007.093.003-54","Andie","felino","Snowshoe");
INSERT INTO pet VALUES("808.520.778-38","Jack","canino","Maltês");
INSERT INTO pet VALUES("487.094.311-50","Morgan","canino","Staffordshire bull terrier");
INSERT INTO pet VALUES("417.956.496-69","Barbie","canino","Pastor de Shetland");
INSERT INTO pet VALUES("727.494.260-66","Sol","canino","Golden retriever");
INSERT INTO pet VALUES("877.525.246-48","Condessa","felino","Azul Russo");
INSERT INTO pet VALUES("389.174.591-78","Tom","felino","Azul Russo");
INSERT INTO pet VALUES("215.361.022-64","Agnes","canino","Boston terrier");
INSERT INTO pet VALUES("567.376.178-14","Arya","canino","Border collie");
INSERT INTO pet VALUES("435.167.754-52","Yellow","felino","Himalaio");
INSERT INTO pet VALUES("914.171.496-06","Rosita","felino","Himalaio");
INSERT INTO pet VALUES("508.557.288-95","Amélia","canino","Pit bull");
INSERT INTO pet VALUES("528.390.709-70","Penny","canino","Cane corso");
INSERT INTO pet VALUES("745.050.107-56","Charlotte","canino","Bichon frisé");
INSERT INTO pet VALUES("677.703.425-59","Danny","canino","Cane corso");
INSERT INTO pet VALUES("702.106.255-08","Spielberg","felino","Himalaio");
INSERT INTO pet VALUES("025.827.923-55","Merlin","felino","Exótico");
INSERT INTO pet VALUES("205.740.538-22","Sombrinha","canino","Shiba");
INSERT INTO pet VALUES("700.134.269-91","Barbie","canino","Cocker spaniel inglês");
INSERT INTO pet VALUES("815.195.674-05","Lex","felino","Siamês");
INSERT INTO pet VALUES("450.592.436-98","Harry","felino","Siamês");
INSERT INTO pet VALUES("826.901.289-40","Edgar","felino","Siamês");
INSERT INTO pet VALUES("488.821.036-97","Thabata","canino","Shar-pei");
INSERT INTO pet VALUES("227.410.199-65","Jeff","felino","Siamês");
INSERT INTO pet VALUES("450.592.436-98","Hermione","canino","Weimaraner");
INSERT INTO pet VALUES("547.929.833-05","Sugar","felino","Angorá Turco");
INSERT INTO pet VALUES("538.350.044-90","Filipa","felino","Pelo Curto Brasileiro");
INSERT INTO pet VALUES("696.654.206-48","Penélope","felino","Gato Persa");
INSERT INTO pet VALUES("548.854.580-42","Wanda","felino","Angorá Turco");
INSERT INTO pet VALUES("455.468.682-42","Lucky","canino","Boiadeiro australiano");
INSERT INTO pet VALUES("150.252.107-00","Cameron","felino","Azul Russo");
INSERT INTO pet VALUES("389.174.591-78","Eva","felino","Angorá Turco");
INSERT INTO pet VALUES("951.514.802-67","Frodo","canino","Staffordshire bull terrier");
INSERT INTO pet VALUES("620.983.544-62","Dudu","canino","Dogo argentino");
INSERT INTO pet VALUES("511.938.457-93","Mustang","canino","Pit bull");
INSERT INTO pet VALUES("160.736.845-44","Tyron","canino","Boxer");
INSERT INTO pet VALUES("077.087.559-21","Rob","felino","Pelo Curto Americano");
INSERT INTO pet VALUES("298.584.403-22","Han Solo","canino","Staffordshire bull terrier");
INSERT INTO pet VALUES("179.246.233-90","Kiki","felino","Azul Russo");
INSERT INTO pet VALUES("426.086.385-27","Belinha","felino","Exótico");
INSERT INTO pet VALUES("586.684.709-93","Lucky","canino","Bull terrier");
INSERT INTO pet VALUES("483.763.812-58","Jake","canino","Shar-pei");
INSERT INTO pet VALUES("186.243.215-59","Clementine","canino","Pit bull");
INSERT INTO pet VALUES("065.804.327-43","Stuart","felino","Pelo Curto Brasileiro");
INSERT INTO pet VALUES("215.158.131-04","Matilde","canino","Weimaraner");
INSERT INTO pet VALUES("992.272.648-95","Malu","canino","Boiadeiro australiano");
INSERT INTO pet VALUES("091.327.562-58","Lex","felino","Snowshoe");
INSERT INTO pet VALUES("007.093.003-54","Mordecai","canino","Bichon frisé");
INSERT INTO pet VALUES("642.920.684-68","Minnie","felino","Azul Russo");
INSERT INTO pet VALUES("300.527.007-49","Barbie","canino","Schnauzer");
INSERT INTO pet VALUES("671.124.964-77","Monet","canino","Border collie");
INSERT INTO pet VALUES("708.341.265-57","Clementine","canino","Buldogue francês");
INSERT INTO pet VALUES("755.460.032-93","Ford","felino","Himalaio");
INSERT INTO pet VALUES("620.983.544-62","Bambi","felino","Pelo Curto Brasileiro");
INSERT INTO pet VALUES("740.619.670-78","Cristal","canino","Weimaraner");
INSERT INTO pet VALUES("362.992.463-20","Cameron","felino","Pelo Curto Americano");
INSERT INTO pet VALUES("215.361.022-64","Celeste","canino","Yorkshire");
INSERT INTO pet VALUES("010.076.850-60","Shelby","felino","Siamês");
INSERT INTO pet VALUES("413.017.065-76","Rambo","felino","Snowshoe");
INSERT INTO pet VALUES("660.712.984-34","Sol","canino","Schnauzer");
INSERT INTO pet VALUES("046.800.091-90","Vader","canino","Pequinês");
INSERT INTO pet VALUES("151.487.480-63","Percy","canino","Lulu da pomerânia");
INSERT INTO pet VALUES("292.650.220-25","Rosita","felino","Himalaio");
INSERT INTO pet VALUES("687.257.574-87","Judith","canino","Cavalier king charles spaniel");
INSERT INTO pet VALUES("512.645.190-78","Tyron","canino","Dálmata");
INSERT INTO pet VALUES("303.290.586-57","Xena","canino","Boston terrier");
INSERT INTO pet VALUES("298.584.403-22","Lizzie","canino","Boiadeiro australiano");
INSERT INTO pet VALUES("745.050.107-56","Logan","canino","Boston terrier");
INSERT INTO pet VALUES("632.840.532-72","Maeve","felino","Angorá Turco");
INSERT INTO pet VALUES("188.794.327-37","Tina","felino","Pelo Curto Americano");
INSERT INTO pet VALUES("087.719.974-63","Natasha","felino","Exótico");
INSERT INTO pet VALUES("150.094.474-60","Josh","canino","Basset hound");
INSERT INTO pet VALUES("525.363.123-57","Luma","canino","Yorkshire");
INSERT INTO pet VALUES("253.078.120-06","Xena","canino","Weimaraner");
INSERT INTO pet VALUES("604.321.105-20","Nietzsche","canino","Dogue alemão");
INSERT INTO pet VALUES("771.384.548-11","Parker","canino","Buldogue inglês");
INSERT INTO pet VALUES("378.913.830-82","Alfredo","felino","Siamês");
INSERT INTO pet VALUES("923.076.081-92","Meredith","canino","Buldogue inglês");
INSERT INTO pet VALUES("322.336.991-72","Bukowski","canino","Doberman");
INSERT INTO pet VALUES("426.086.385-27","Josh","felino","Exótico");
INSERT INTO pet VALUES("547.929.833-05","Phillip","felino","Pelo Curto Americano");
INSERT INTO pet VALUES("322.336.991-72","Judith","felino","Exótico");
INSERT INTO pet VALUES("782.616.461-18","Han Solo","canino","Rottweiler");
INSERT INTO pet VALUES("230.198.193-68","Kiko","felino","Himalaio");
INSERT INTO pet VALUES("032.094.467-11","Luigi","canino","Bull terrier");
INSERT INTO pet VALUES("641.950.267-84","Nietzsche","felino","Exótico");
INSERT INTO pet VALUES("151.487.480-63","Mila","canino","Boston terrier");
INSERT INTO pet VALUES("095.511.317-79","Amélia","felino","Exótico");
INSERT INTO pet VALUES("164.483.424-24","Yoda","canino","Yorkshire");
INSERT INTO pet VALUES("820.638.688-13","Dama","felino","Gato Persa");
INSERT INTO pet VALUES("919.458.593-40","Eva","canino","Beagle");
INSERT INTO pet VALUES("831.278.524-54","Sombrinha","felino","Exótico");
INSERT INTO pet VALUES("831.278.524-54","Dudu","felino","Azul Russo");
INSERT INTO pet VALUES("612.310.604-44","Bertolucci","felino","Exótico");
INSERT INTO pet VALUES("642.920.684-68","Falcão","canino","Schnauzer");
INSERT INTO pet VALUES("215.158.131-04","Rambo","felino","Exótico");
INSERT INTO pet VALUES("077.087.559-21","Órbita","felino","Angorá Turco");
INSERT INTO pet VALUES("525.706.879-70","Pirata","canino","Border collie");
INSERT INTO pet VALUES("259.562.780-67","Ariel","felino","Pelo Curto Brasileiro");
INSERT INTO pet VALUES("931.051.555-88","Muttley","felino","Pelo Curto Brasileiro");
INSERT INTO pet VALUES("007.093.003-54","Bolt","canino","Dachshund");
INSERT INTO pet VALUES("139.008.283-46","Jeff","canino","Boiadeiro australiano");
INSERT INTO pet VALUES("720.406.029-33","Saramago","canino","Yorkshire");
INSERT INTO pet VALUES("912.205.500-51","Holt","canino","Dogo argentino");
INSERT INTO pet VALUES("548.854.580-42","Lily","felino","Exótico");
INSERT INTO pet VALUES("820.638.688-13","Mordecai","felino","Gato Persa");
INSERT INTO pet VALUES("953.971.256-30","Lizzie","canino","Schnauzer");
INSERT INTO pet VALUES("866.494.248-90","Tarantino","felino","Snowshoe");
INSERT INTO pet VALUES("462.897.080-52","Guy","canino","Chow chow");
INSERT INTO pet VALUES("205.740.538-22","Belinha","canino","Schnauzer");
INSERT INTO pet VALUES("914.171.496-06","Manuela","felino","Snowshoe");
INSERT INTO pet VALUES("586.684.709-93","Penélope","felino","Snowshoe");
INSERT INTO pet VALUES("215.361.022-64","Mila","canino","Maltês");
INSERT INTO pet VALUES("914.171.496-06","Matilde","felino","Siamês");
INSERT INTO pet VALUES("745.050.107-56","Alice","felino","Snowshoe");
INSERT INTO pet VALUES("567.376.178-14","Ziggy","felino","Himalaio");
INSERT INTO pet VALUES("373.047.506-64","Coringa","canino","Buldogue inglês");
INSERT INTO pet VALUES("701.603.271-07","Boomer","felino","Snowshoe");
INSERT INTO pet VALUES("878.706.425-87","Bukowski","felino","Siamês");
INSERT INTO pet VALUES("143.922.721-56","Thunder","canino","Lhasa apso");
INSERT INTO pet VALUES("450.592.436-98","Nívea","felino","Himalaio");
INSERT INTO pet VALUES("230.198.193-68","Petris","canino","Shar-pei");
INSERT INTO pet VALUES("940.564.431-21","Mustang","canino","Mastiff inglês");
INSERT INTO pet VALUES("206.577.140-11","Ariel","felino","Angorá Turco");
INSERT INTO pet VALUES("219.910.791-01","Rob","canino","Pit bull");
INSERT INTO pet VALUES("604.321.105-20","Morpheus","felino","Angorá Turco");
INSERT INTO pet VALUES("747.461.129-87","Angelina","canino","Bichon frisé");
INSERT INTO pet VALUES("539.799.358-47","Will","canino","Schnauzer");
INSERT INTO pet VALUES("663.340.226-23","Scooby","felino","Angorá Turco");
INSERT INTO pet VALUES("931.051.555-88","Nile","canino","Lhasa apso");
INSERT INTO pet VALUES("814.416.518-28","Han Solo","felino","Exótico");
INSERT INTO pet VALUES("681.889.379-70","Shelby","canino","Shar-pei");
INSERT INTO pet VALUES("620.983.544-62","Elisa","canino","Maltês");
INSERT INTO pet VALUES("810.685.294-12","Lua","canino","Shiba");
INSERT INTO pet VALUES("015.717.248-30","Rosita","canino","Lhasa apso");
INSERT INTO pet VALUES("720.406.029-33","Troy","canino","Pastor alemão");
INSERT INTO pet VALUES("747.461.129-87","Temaki","canino","Pequinês");
INSERT INTO pet VALUES("050.730.688-64","Asterios","canino","Dachshund");
INSERT INTO pet VALUES("726.961.100-18","Aurora","canino","Doberman");
INSERT INTO pet VALUES("487.094.311-50","Holt","felino","Siamês");
INSERT INTO pet VALUES("536.606.911-74","Muttley","felino","Gato Persa");
INSERT INTO pet VALUES("548.854.580-42","Peter","canino","Chow chow");
INSERT INTO pet VALUES("044.472.718-30","Tulipa","canino","Cane corso");
INSERT INTO pet VALUES("580.688.367-82","Lily","felino","Pelo Curto Brasileiro");
INSERT INTO pet VALUES("740.619.670-78","Neo","felino","Pelo Curto Americano");
INSERT INTO pet VALUES("951.514.802-67","Relâmpago","felino","Snowshoe");
INSERT INTO pet VALUES("488.821.036-97","Rosita","felino","Gato Persa");
INSERT INTO pet VALUES("302.173.771-05","Boo","canino","Shar-pei");
INSERT INTO pet VALUES("474.560.141-52","Scooby","canino","Boiadeiro australiano");
INSERT INTO pet VALUES("208.425.486-34","Ivo","felino","Azul Russo");
INSERT INTO pet VALUES("218.556.187-84","Maeve","canino","Dogue alemão");
INSERT INTO pet VALUES("594.224.221-76","Vader","felino","Pelo Curto Americano");
INSERT INTO pet VALUES("142.808.252-16","Percy","felino","Pelo Curto Brasileiro");
INSERT INTO pet VALUES("702.106.255-08","Sol","felino","Gato Persa");
INSERT INTO pet VALUES("025.827.923-55","Pedrita","felino","Gato Persa");
INSERT INTO pet VALUES("135.816.543-39","Fred","felino","Exótico");
INSERT INTO pet VALUES("949.785.117-92","Céu","canino","Buldogue inglês");
INSERT INTO pet VALUES("095.511.317-79","Luna","felino","Angorá Turco");
INSERT INTO pet VALUES("754.494.279-39","Marshall","canino","Bull terrier");
INSERT INTO pet VALUES("072.365.749-19","Falcão","felino","Siamês");
INSERT INTO pet VALUES("259.562.780-67","Beatriz","canino","Golden retriever");
INSERT INTO pet VALUES("820.638.688-13","Vader","felino","Pelo Curto Brasileiro");
INSERT INTO pet VALUES("139.008.283-46","Neo","canino","Chihuahua");
INSERT INTO pet VALUES("856.175.960-86","Andie","canino","Boiadeiro australiano");
INSERT INTO pet VALUES("976.213.634-91","Danny","canino","Rottweiler");
INSERT INTO pet VALUES("814.416.518-28","Pikachu","felino","Pelo Curto Americano");
INSERT INTO pet VALUES("814.416.518-28","Luna","canino","Labrador retriever");
INSERT INTO pet VALUES("938.622.634-28","Bambi","canino","Maltês");
INSERT INTO pet VALUES("139.008.283-46","Luigi","felino","Azul Russo");
INSERT INTO pet VALUES("250.185.275-63","Ferrugem","canino","Boxer");
INSERT INTO pet VALUES("497.275.082-13","Hobbit","canino","Buldogue inglês");
INSERT INTO pet VALUES("508.557.288-95","Hitchcock","canino","Weimaraner");
INSERT INTO pet VALUES("701.603.271-07","Aidan","canino","Maltês");
INSERT INTO pet VALUES("951.514.802-67","Sunny","felino","Gato Persa");
INSERT INTO pet VALUES("205.740.538-22","Meredith","canino","Dálmata");
INSERT INTO pet VALUES("452.675.726-22","Sherlock","felino","Azul Russo");
INSERT INTO pet VALUES("292.650.220-25","Phillip","felino","Gato Persa");
INSERT INTO pet VALUES("175.608.354-59","Judith","canino","Fila brasileiro");
INSERT INTO pet VALUES("091.327.562-58","Nemo","canino","Bull terrier");
INSERT INTO pet VALUES("021.901.249-10","Eva","felino","Exótico");
INSERT INTO pet VALUES("497.275.082-13","Poliana","felino","Pelo Curto Brasileiro");
INSERT INTO pet VALUES("150.094.474-60","Asterios","canino","Lhasa apso");
INSERT INTO pet VALUES("486.915.690-15","Vigarista","canino","Lulu da pomerânia");
INSERT INTO pet VALUES("931.572.439-28","Danny","canino","Maltês");
INSERT INTO pet VALUES("916.113.433-81","Ozzy","canino","Weimaraner");
INSERT INTO pet VALUES("947.673.052-66","Penny","felino","Angorá Turco");
INSERT INTO pet VALUES("530.042.308-58","Stitch","canino","Schnauzer");
INSERT INTO pet VALUES("745.050.107-56","Mordecai","felino","Himalaio");
INSERT INTO pet VALUES("389.174.591-78","Shelby","felino","Gato Persa");
INSERT INTO pet VALUES("160.736.845-44","Luigi","canino","Rottweiler");
INSERT INTO pet VALUES("523.144.472-19","Bernadette","canino","Shiba");
INSERT INTO pet VALUES("227.410.199-65","Olavo","felino","Azul Russo");
INSERT INTO pet VALUES("953.971.256-30","Aladdin","felino","Azul Russo");
INSERT INTO pet VALUES("021.901.249-10","Bolt","canino","Buldogue inglês");
INSERT INTO pet VALUES("491.197.456-80","Alfredo","canino","Boston terrier");
INSERT INTO pet VALUES("931.572.439-28","Luma","felino","Gato Persa");
INSERT INTO pet VALUES("720.406.029-33","Fluffy","canino","Pastor alemão");
INSERT INTO pet VALUES("639.556.996-72","Luigi","felino","Exótico");
INSERT INTO pet VALUES("580.688.367-82","Bambi","felino","Angorá Turco");
INSERT INTO pet VALUES("253.078.120-06","Saramago","canino","Dogue alemão");
INSERT INTO pet VALUES("696.654.206-48","Vigarista","felino","Himalaio");
INSERT INTO pet VALUES("215.361.022-64","Shelby","canino","Boxer");
INSERT INTO pet VALUES("543.667.122-15","Judith","canino","Bull terrier");
INSERT INTO pet VALUES("245.439.504-53","Luna","felino","Pelo Curto Americano");
INSERT INTO pet VALUES("880.941.140-21","Sol","felino","Siamês");
INSERT INTO pet VALUES("417.956.496-69","Parker","felino","Gato Persa");
INSERT INTO pet VALUES("525.706.879-70","Bernadette","canino","Buldogue francês");
INSERT INTO pet VALUES("877.525.246-48","Spielberg","felino","Angorá Turco");
INSERT INTO pet VALUES("417.956.496-69","Rob","canino","Pinscher");
INSERT INTO pet VALUES("923.076.081-92","Pantera","felino","Azul Russo");
INSERT INTO pet VALUES("992.272.648-95","Winston","canino","Rottweiler");
INSERT INTO pet VALUES("639.556.996-72","Falcão","felino","Azul Russo");
INSERT INTO pet VALUES("985.177.626-98","Órbita","felino","Gato Persa");
INSERT INTO pet VALUES("300.527.007-49","Winston","canino","Lhasa apso");
INSERT INTO pet VALUES("237.406.626-90","Edgar","canino","Jack russell terrier");
INSERT INTO pet VALUES("050.730.688-64","Buster","felino","Snowshoe");
INSERT INTO pet VALUES("005.115.041-56","Diana","canino","Fila brasileiro");
INSERT INTO pet VALUES("196.295.161-72","Fluffy","felino","Pelo Curto Brasileiro");
INSERT INTO pet VALUES("619.694.905-15","Dobby","felino","Exótico");
INSERT INTO pet VALUES("936.151.084-57","Hobbit","felino","Pelo Curto Brasileiro");
INSERT INTO pet VALUES("740.619.670-78","Petris","canino","Pastor australiano");
INSERT INTO pet VALUES("087.719.974-63","Zelda","canino","Pastor australiano");
INSERT INTO pet VALUES("612.310.604-44","Lily","felino","Siamês");
INSERT INTO pet VALUES("745.050.107-56","Afrodite","felino","Snowshoe");
INSERT INTO pet VALUES("810.685.294-12","Maeve","canino","Husky siberiano");
INSERT INTO pet VALUES("708.341.265-57","Mao","canino","Schnauzer");
INSERT INTO pet VALUES("810.685.294-12","Neo","felino","Gato Persa");
INSERT INTO pet VALUES("548.178.780-43","Bilbo","felino","Himalaio");
INSERT INTO pet VALUES("817.709.491-38","Louise","felino","Angorá Turco");
INSERT INTO pet VALUES("856.175.960-86","Happy","canino","Poodle");
INSERT INTO pet VALUES("065.804.327-43","Joy","canino","Akita");
INSERT INTO pet VALUES("413.017.065-76","Batman","felino","Exótico");
INSERT INTO pet VALUES("135.816.543-39","Pedrita","felino","Siamês");
INSERT INTO pet VALUES("755.460.032-93","Poliana","canino","Husky siberiano");
INSERT INTO pet VALUES("227.410.199-65","Sugar","felino","Pelo Curto Brasileiro");
INSERT INTO pet VALUES("490.521.123-91","Bartolomeu","canino","Dogue alemão");
INSERT INTO pet VALUES("579.693.005-64","Ivo","canino","Dogue alemão");
INSERT INTO pet VALUES("677.703.425-59","Coringa","felino","Snowshoe");
INSERT INTO pet VALUES("530.042.308-58","Pietro","felino","Azul Russo");
INSERT INTO pet VALUES("567.376.178-14","Parker","felino","Snowshoe");
INSERT INTO pet VALUES("831.316.998-82","Gromit","felino","Gato Persa");
INSERT INTO pet VALUES("478.167.508-21","Cersei","felino","Exótico");
INSERT INTO pet VALUES("880.941.140-21","Mittens","canino","Akita");
INSERT INTO pet VALUES("919.096.926-94","Clementine","felino","Exótico");
INSERT INTO pet VALUES("906.951.609-14","Manuela","canino","Jack russell terrier");
INSERT INTO pet VALUES("641.950.267-84","Meredith","felino","Pelo Curto Americano");
INSERT INTO pet VALUES("455.468.682-42","Gromit","canino","Boston terrier");
INSERT INTO pet VALUES("357.652.244-98","Luna","felino","Snowshoe");
INSERT INTO pet VALUES("620.983.544-62","Julie","felino","Siamês");
INSERT INTO pet VALUES("702.106.255-08","Mittens","felino","Snowshoe");
INSERT INTO pet VALUES("040.403.214-46","Monet","felino","Exótico");
INSERT INTO pet VALUES("923.076.081-92","Nova","felino","Azul Russo");
INSERT INTO pet VALUES("410.087.635-77","Manuela","canino","Rottweiler");
INSERT INTO pet VALUES("135.816.543-39","Oliver","canino","Basset hound");
INSERT INTO pet VALUES("931.572.439-28","Tarzan","canino","Pastor australiano");
INSERT INTO pet VALUES("810.685.294-12","Dama","felino","Exótico");
INSERT INTO pet VALUES("815.195.674-05","Simba","canino","Chihuahua");
INSERT INTO pet VALUES("206.577.140-11","Speed","canino","Shih tzu");
INSERT INTO pet VALUES("745.050.107-56","Nolan","felino","Himalaio");
INSERT INTO pet VALUES("586.684.709-93","Carrie","felino","Himalaio");
INSERT INTO pet VALUES("831.316.998-82","Marshall","felino","Angorá Turco");
INSERT INTO pet VALUES("912.205.500-51","Percy","canino","Pequinês");
INSERT INTO pet VALUES("826.201.528-76","Ariel","canino","Pastor alemão");
INSERT INTO pet VALUES("475.545.483-55","Dalila","felino","Himalaio");
INSERT INTO pet VALUES("151.487.480-63","Kiki","felino","Exótico");
INSERT INTO pet VALUES("404.398.432-63","Pirata","canino","Shar-pei");
INSERT INTO pet VALUES("164.483.424-24","Gio","felino","Azul Russo");
INSERT INTO pet VALUES("701.603.271-07","Sombrinha","felino","Pelo Curto Brasileiro");
INSERT INTO pet VALUES("747.461.129-87","Tulipa","felino","Snowshoe");
INSERT INTO pet VALUES("843.878.384-63","Bilbo","canino","Bichon frisé");
INSERT INTO pet VALUES("923.076.081-92","Minnie","canino","Pequinês");
INSERT INTO pet VALUES("755.460.032-93","Blake","felino","Pelo Curto Brasileiro");
INSERT INTO pet VALUES("754.494.279-39","Minnie","canino","Pastor de Shetland");
INSERT INTO pet VALUES("424.389.125-72","Poliana","canino","Boston terrier");
INSERT INTO pet VALUES("208.425.486-34","Alice","canino","Weimaraner");
INSERT INTO pet VALUES("843.878.384-63","Beatriz","felino","Pelo Curto Americano");
INSERT INTO pet VALUES("091.327.562-58","Zelda","canino","Border collie");
INSERT INTO pet VALUES("978.439.068-85","Alfredo","canino","Yorkshire");
INSERT INTO pet VALUES("912.205.500-51","Pantera","felino","Exótico");
INSERT INTO pet VALUES("814.416.518-28","Beatriz","canino","Labrador retriever");
INSERT INTO pet VALUES("150.252.107-00","Bartolomeu","canino","Pastor alemão");
INSERT INTO pet VALUES("015.717.248-30","Poliana","felino","Gato Persa");
INSERT INTO pet VALUES("389.174.591-78","Petris","canino","Bull terrier");
INSERT INTO pet VALUES("826.901.289-40","Nick","felino","Himalaio");
INSERT INTO pet VALUES("208.220.596-65","Buster","canino","Yorkshire");
INSERT INTO pet VALUES("206.577.140-11","Darryl","felino","Himalaio");
INSERT INTO pet VALUES("947.673.052-66","Alfredo","canino","Pit bull");
INSERT INTO pet VALUES("497.275.082-13","Sunny","felino","Snowshoe");
INSERT INTO pet VALUES("435.657.711-06","Mafalda","felino","Azul Russo");
INSERT INTO pet VALUES("612.310.604-44","Matilde","felino","Siamês");
INSERT INTO pet VALUES("978.439.068-85","Hitchcock","felino","Pelo Curto Americano");
INSERT INTO pet VALUES("488.821.036-97","Neo","canino","Bull terrier");
INSERT INTO pet VALUES("497.275.082-13","Pikachu","canino","Cane corso");
INSERT INTO pet VALUES("805.256.105-60","Cersei","felino","Azul Russo");
INSERT INTO pet VALUES("215.158.131-04","Diana","canino","Dachshund");
INSERT INTO pet VALUES("205.740.538-22","Diana","canino","Beagle");
INSERT INTO pet VALUES("119.150.976-07","Tina","felino","Exótico");
INSERT INTO pet VALUES("040.403.214-46","Olga","canino","Border collie");
INSERT INTO pet VALUES("050.362.827-78","Ronald","felino","Exótico");
INSERT INTO pet VALUES("708.341.265-57","Vigarista","felino","Azul Russo");
INSERT INTO pet VALUES("206.577.140-11","Tony","felino","Azul Russo");
INSERT INTO pet VALUES("007.093.003-54","Cersei","felino","Siamês");
INSERT INTO pet VALUES("938.622.634-28","Shelby","canino","Mastim tibetano");
INSERT INTO pet VALUES("567.108.738-80","Ariel","felino","Siamês");
INSERT INTO pet VALUES("208.220.596-65","Kiko","felino","Exótico");
INSERT INTO pet VALUES("224.855.224-38","Will","canino","Bichon frisé");
INSERT INTO pet VALUES("755.460.032-93","Stitch","felino","Exótico");
INSERT INTO pet VALUES("715.608.382-83","Samurai","felino","Pelo Curto Americano");
INSERT INTO pet VALUES("708.341.265-57","Mafalda","felino","Snowshoe");
INSERT INTO pet VALUES("357.652.244-98","Penélope","canino","Basset hound");
INSERT INTO pet VALUES("596.725.453-05","Relâmpago","canino","Boxer");
INSERT INTO pet VALUES("322.336.991-72","Afrodite","canino","Bichon frisé");
INSERT INTO pet VALUES("483.763.812-58","Groot","canino","Pequinês");
INSERT INTO pet VALUES("916.113.433-81","Minnie","canino","Dogue alemão");
INSERT INTO pet VALUES("639.556.996-72","Coringa","felino","Pelo Curto Brasileiro");
INSERT INTO pet VALUES("992.272.648-95","Alfredo","canino","Golden retriever");
INSERT INTO pet VALUES("487.094.311-50","Neo","canino","Bichon frisé");
INSERT INTO pet VALUES("126.446.452-15","Luna","felino","Pelo Curto Americano");
INSERT INTO pet VALUES("040.403.214-46","Oliver","felino","Pelo Curto Brasileiro");
INSERT INTO pet VALUES("805.256.105-60","Dolores","felino","Angorá Turco");
INSERT INTO pet VALUES("160.736.845-44","Margot","felino","Snowshoe");
INSERT INTO pet VALUES("548.178.780-43","Marshall","canino","Maltês");
INSERT INTO pet VALUES("585.663.728-50","Mao","canino","Husky siberiano");
INSERT INTO pet VALUES("208.220.596-65","Mordecai","canino","Buldogue francês");
INSERT INTO pet VALUES("245.439.504-53","Lucky","canino","Maltês");
INSERT INTO pet VALUES("230.198.193-68","Penélope","canino","Shar-pei");
INSERT INTO pet VALUES("250.185.275-63","Nova","felino","Angorá Turco");
INSERT INTO pet VALUES("916.113.433-81","Woody","canino","Husky siberiano");
INSERT INTO pet VALUES("831.278.524-54","Minnie","felino","Angorá Turco");
INSERT INTO pet VALUES("512.645.190-78","Boomer","felino","Gato Persa");
INSERT INTO pet VALUES("831.316.998-82","Mordecai","canino","Mastim tibetano");
INSERT INTO pet VALUES("215.361.022-64","Andie","felino","Siamês");
INSERT INTO pet VALUES("152.798.537-81","Josh","canino","Boxer");
INSERT INTO pet VALUES("923.076.081-92","Ozzy","canino","Staffordshire bull terrier");
INSERT INTO pet VALUES("683.972.683-40","Neo","felino","Exótico");
INSERT INTO pet VALUES("923.820.786-88","Barbie","felino","Snowshoe");
INSERT INTO pet VALUES("389.174.591-78","Lizzie","felino","Himalaio");
INSERT INTO pet VALUES("619.694.905-15","Merlin","canino","Border collie");
INSERT INTO pet VALUES("143.922.721-56","Holly","felino","Angorá Turco");
INSERT INTO pet VALUES("488.821.036-97","Boo","canino","Shih tzu");
INSERT INTO pet VALUES("677.703.425-59","Saramago","felino","Gato Persa");
INSERT INTO pet VALUES("907.928.721-06","Rambo","canino","Pequinês");
INSERT INTO pet VALUES("160.736.845-44","Hans","canino","Basset hound");
INSERT INTO pet VALUES("919.096.926-94","Logan","felino","Azul Russo");
INSERT INTO pet VALUES("715.608.382-83","Xena","canino","Golden retriever");
INSERT INTO pet VALUES("057.782.898-22","Charles","felino","Angorá Turco");
INSERT INTO pet VALUES("835.870.015-78","Bolt","canino","Labrador retriever");
INSERT INTO pet VALUES("215.980.328-77","Natasha","felino","Pelo Curto Brasileiro");
INSERT INTO pet VALUES("250.185.275-63","Minnie","felino","Azul Russo");
INSERT INTO pet VALUES("535.817.211-77","Koda","canino","Jack russell terrier");
INSERT INTO pet VALUES("985.177.626-98","Cristal","felino","Pelo Curto Brasileiro");
INSERT INTO pet VALUES("594.585.615-82","Relâmpago","felino","Gato Persa");
INSERT INTO pet VALUES("417.956.496-69","Xena","felino","Angorá Turco");
INSERT INTO pet VALUES("491.197.456-80","Saramago","canino","Lulu da pomerânia");
INSERT INTO pet VALUES("512.645.190-78","Peter","canino","Lulu da pomerânia");
INSERT INTO pet VALUES("206.577.140-11","Phillip","canino","Dachshund");
INSERT INTO pet VALUES("523.144.472-19","Bartolomeu","felino","Himalaio");
INSERT INTO pet VALUES("687.257.574-87","Hitchcock","felino","Azul Russo");
INSERT INTO pet VALUES("164.483.424-24","Hans","canino","Chihuahua");
INSERT INTO pet VALUES("826.201.528-76","Filipa","canino","Yorkshire");
INSERT INTO pet VALUES("206.577.140-11","Rosita","canino","Buldogue inglês");
INSERT INTO pet VALUES("021.901.249-10","Blue","felino","Exótico");
INSERT INTO pet VALUES("512.645.190-78","Blake","canino","Fila brasileiro");
INSERT INTO pet VALUES("072.365.749-19","Mel","felino","Exótico");
INSERT INTO pet VALUES("302.173.771-05","Xena","canino","Bichon frisé");
INSERT INTO pet VALUES("215.361.022-64","Guy","canino","Poodle");
INSERT INTO pet VALUES("512.645.190-78","Mario","felino","Exótico");
INSERT INTO pet VALUES("567.376.178-14","Lucky","canino","Dachshund");
INSERT INTO pet VALUES("808.520.778-38","Cristal","canino","Yorkshire");
INSERT INTO pet VALUES("700.134.269-91","Diana","canino","Pequinês");
INSERT INTO pet VALUES("455.333.809-29","Speed","felino","Gato Persa");
INSERT INTO pet VALUES("065.804.327-43","Tina","canino","Maltês");
INSERT INTO pet VALUES("755.460.032-93","Aidan","felino","Exótico");
INSERT INTO pet VALUES("057.782.898-22","Asterios","felino","Angorá Turco");
INSERT INTO pet VALUES("208.220.596-65","Lex","felino","Gato Persa");
INSERT INTO pet VALUES("740.619.670-78","Alfredo","felino","Azul Russo");
INSERT INTO pet VALUES("547.929.833-05","Buster","felino","Pelo Curto Brasileiro");
INSERT INTO pet VALUES("951.514.802-67","Woody","felino","Pelo Curto Brasileiro");
INSERT INTO pet VALUES("539.799.358-47","Alegria","felino","Siamês");
INSERT INTO pet VALUES("336.533.139-78","Maya","felino","Azul Russo");
INSERT INTO pet VALUES("046.800.091-90","Xena","felino","Snowshoe");
INSERT INTO pet VALUES("452.675.726-22","Spielberg","canino","Beagle");
INSERT INTO pet VALUES("478.167.508-21","Hera","felino","Azul Russo");
INSERT INTO pet VALUES("435.167.754-52","Harry","felino","Pelo Curto Brasileiro");
INSERT INTO pet VALUES("677.703.425-59","Beatriz","felino","Snowshoe");
INSERT INTO pet VALUES("373.047.506-64","Diana","felino","Pelo Curto Brasileiro");
INSERT INTO pet VALUES("919.458.593-40","Bolt","felino","Siamês");
INSERT INTO pet VALUES("923.076.081-92","Alice","felino","Pelo Curto Americano");
INSERT INTO pet VALUES("455.468.682-42","Kim","canino","Doberman");
INSERT INTO pet VALUES("681.889.379-70","Natasha","canino","Chihuahua");
INSERT INTO pet VALUES("539.799.358-47","Scooby","canino","Pastor de Shetland");
INSERT INTO pet VALUES("057.782.898-22","Koda","canino","Poodle");
INSERT INTO pet VALUES("632.840.532-72","Hulk","canino","Cavalier king charles spaniel");
INSERT INTO pet VALUES("217.511.012-59","Arya","felino","Gato Persa");
INSERT INTO pet VALUES("547.929.833-05","Cameron","canino","Lulu da pomerânia");
INSERT INTO pet VALUES("539.799.358-47","Harper","felino","Siamês");
INSERT INTO pet VALUES("040.403.214-46","Xica","canino","Staffordshire bull terrier");
INSERT INTO pet VALUES("474.560.141-52","Jack","felino","Azul Russo");
INSERT INTO pet VALUES("817.709.491-38","Bertolucci","canino","Shar-pei");
INSERT INTO pet VALUES("940.564.431-21","Rob","felino","Pelo Curto Americano");
INSERT INTO pet VALUES("057.782.898-22","Will","canino","Bull terrier");
INSERT INTO pet VALUES("132.648.736-03","Céu","canino","Husky siberiano");
INSERT INTO pet VALUES("188.794.327-37","Nívea","felino","Siamês");
INSERT INTO pet VALUES("810.685.294-12","Gromit","felino","Exótico");
INSERT INTO pet VALUES("992.272.648-95","Caleb","felino","Pelo Curto Brasileiro");
INSERT INTO pet VALUES("292.650.220-25","Peter","felino","Himalaio");
INSERT INTO pet VALUES("303.290.586-57","Amora","canino","Poodle");
INSERT INTO pet VALUES("091.327.562-58","Mary Jane","canino","Shih tzu");
INSERT INTO pet VALUES("642.920.684-68","Ronald","felino","Gato Persa");
INSERT INTO pet VALUES("475.545.483-55","Bela","felino","Siamês");
INSERT INTO pet VALUES("596.725.453-05","Gaia","felino","Snowshoe");
INSERT INTO pet VALUES("543.667.122-15","Mila","canino","Dogo argentino");
INSERT INTO pet VALUES("727.494.260-66","Afrodite","canino","Cocker spaniel inglês");
INSERT INTO pet VALUES("727.494.260-66","Pietro","canino","Lulu da pomerânia");
INSERT INTO pet VALUES("720.406.029-33","Stuart","felino","Siamês");
INSERT INTO pet VALUES("119.150.976-07","Pirata","canino","Shiba");
INSERT INTO pet VALUES("259.562.780-67","Lucky","canino","Dogue alemão");
INSERT INTO pet VALUES("907.928.721-06","Asterios","felino","Pelo Curto Americano");
INSERT INTO pet VALUES("300.527.007-49","Bela","felino","Snowshoe");
INSERT INTO pet VALUES("931.051.555-88","Homer","canino","Pit bull");
INSERT INTO pet VALUES("820.638.688-13","Blake","felino","Pelo Curto Americano");
INSERT INTO pet VALUES("612.310.604-44","Nívea","canino","Basset hound");
INSERT INTO pet VALUES("215.361.022-64","Coringa","canino","Mastim tibetano");
INSERT INTO pet VALUES("567.376.178-14","Mario","canino","Staffordshire bull terrier");
INSERT INTO pet VALUES("404.398.432-63","Maggie","felino","Angorá Turco");
INSERT INTO pet VALUES("253.078.120-06","Andie","felino","Angorá Turco");
INSERT INTO pet VALUES("417.956.496-69","Relâmpago","canino","Akita");
INSERT INTO pet VALUES("396.920.340-98","Tarzan","canino","Border collie");
INSERT INTO pet VALUES("880.941.140-21","Dalila","felino","Siamês");
INSERT INTO pet VALUES("139.008.283-46","Carrie","felino","Exótico");
INSERT INTO pet VALUES("228.795.372-52","Troy","canino","Pinscher");
INSERT INTO pet VALUES("543.667.122-15","Sherlock","canino","Dogo argentino");
INSERT INTO pet VALUES("826.201.528-76","Alegria","felino","Exótico");
INSERT INTO pet VALUES("826.901.289-40","Mila","canino","Cane corso");
INSERT INTO pet VALUES("687.257.574-87","Dalila","canino","Poodle");
INSERT INTO pet VALUES("642.920.684-68","Asterios","felino","Angorá Turco");
INSERT INTO pet VALUES("585.663.728-50","Phillip","felino","Snowshoe");
INSERT INTO pet VALUES("660.712.984-34","Filipa","felino","Exótico");
INSERT INTO pet VALUES("175.608.354-59","Dolores","felino","Gato Persa");
INSERT INTO pet VALUES("511.938.457-93","Tom","felino","Snowshoe");
INSERT INTO pet VALUES("188.794.327-37","Morpheus","canino","Doberman");
INSERT INTO pet VALUES("835.870.015-78","Vicente","canino","Pequinês");
INSERT INTO pet VALUES("142.808.252-16","Luke","felino","Exótico");
INSERT INTO pet VALUES("219.910.791-01","Buster","felino","Azul Russo");
INSERT INTO pet VALUES("217.511.012-59","Samurai","felino","Snowshoe");
INSERT INTO pet VALUES("869.476.630-42","Penny","canino","Pit bull");
INSERT INTO pet VALUES("690.452.544-78","Lily","canino","Doberman");
INSERT INTO pet VALUES("594.224.221-76","Ivo","canino","Bichon frisé");
INSERT INTO pet VALUES("677.703.425-59","Tina","felino","Azul Russo");
INSERT INTO pet VALUES("523.144.472-19","Pietro","felino","Pelo Curto Americano");
INSERT INTO pet VALUES("475.545.483-55","Eva","felino","Gato Persa");
INSERT INTO pet VALUES("452.675.726-22","Phillip","felino","Himalaio");
INSERT INTO pet VALUES("701.603.271-07","Leia","felino","Pelo Curto Americano");
INSERT INTO pet VALUES("567.108.738-80","Marley","canino","Rottweiler");
INSERT INTO pet VALUES("208.425.486-34","Asterios","canino","Staffordshire bull terrier");
INSERT INTO pet VALUES("217.511.012-59","Buster","felino","Exótico");
INSERT INTO pet VALUES("132.648.736-03","Ford","felino","Angorá Turco");
INSERT INTO pet VALUES("620.983.544-62","Flash","canino","Bichon frisé");
INSERT INTO pet VALUES("132.648.736-03","Gromit","canino","Mastim tibetano");
INSERT INTO pet VALUES("435.657.711-06","Asterios","canino","Shar-pei");
INSERT INTO pet VALUES("715.608.382-83","Mario","felino","Siamês");
INSERT INTO pet VALUES("603.461.997-90","Bela","felino","Himalaio");
INSERT INTO pet VALUES("869.476.630-42","Stitch","canino","Jack russell terrier");
INSERT INTO pet VALUES("843.878.384-63","Jon Snow","canino","Dálmata");
INSERT INTO pet VALUES("292.650.220-25","Matilda","felino","Himalaio");
INSERT INTO pet VALUES("417.956.496-69","Tarantino","felino","Exótico");
INSERT INTO pet VALUES("923.076.081-92","Mittens","felino","Azul Russo");
INSERT INTO pet VALUES("567.376.178-14","Stallone","felino","Pelo Curto Americano");
INSERT INTO pet VALUES("491.197.456-80","Percy","canino","Akita");
INSERT INTO pet VALUES("641.950.267-84","Tarantino","felino","Azul Russo");
INSERT INTO pet VALUES("325.122.138-90","Yellow","canino","Pit bull");
INSERT INTO pet VALUES("501.670.508-14","Josh","canino","Rottweiler");
INSERT INTO pet VALUES("007.093.003-54","Lily","canino","Lulu da pomerânia");
INSERT INTO pet VALUES("435.657.711-06","Dolores","canino","Maltês");
INSERT INTO pet VALUES("175.608.354-59","Morango","felino","Pelo Curto Brasileiro");
INSERT INTO pet VALUES("135.816.543-39","Monet","felino","Angorá Turco");
INSERT INTO pet VALUES("217.511.012-59","Penny","felino","Exótico");
INSERT INTO pet VALUES("756.736.738-52","Diana","felino","Siamês");
INSERT INTO pet VALUES("914.171.496-06","Bernard","felino","Pelo Curto Americano");
INSERT INTO pet VALUES("907.928.721-06","Mao","felino","Siamês");
INSERT INTO pet VALUES("483.763.812-58","Minnie","canino","Maltês");
INSERT INTO pet VALUES("754.494.279-39","Guy","canino","Lulu da pomerânia");
INSERT INTO pet VALUES("681.889.379-70","Temaki","canino","Dachshund");
INSERT INTO pet VALUES("362.992.463-20","Bertolucci","canino","Staffordshire bull terrier");
INSERT INTO pet VALUES("539.799.358-47","Josh","canino","Shar-pei");
INSERT INTO pet VALUES("620.983.544-62","Stitch","canino","Schnauzer");
INSERT INTO pet VALUES("091.327.562-58","Poliana","felino","Siamês");
INSERT INTO pet VALUES("253.078.120-06","Rambo","felino","Siamês");
INSERT INTO pet VALUES("754.494.279-39","Mustang","canino","Pastor australiano");
INSERT INTO pet VALUES("497.275.082-13","Morgan","felino","Gato Persa");
INSERT INTO pet VALUES("206.577.140-11","Petris","canino","Bichon frisé");
INSERT INTO pet VALUES("639.556.996-72","Marshall","canino","Pastor de Shetland");
INSERT INTO pet VALUES("150.252.107-00","Julie","felino","Pelo Curto Americano");
INSERT INTO pet VALUES("923.076.081-92","Celeste","canino","Pastor de Shetland");
INSERT INTO pet VALUES("208.220.596-65","Bernard","felino","Siamês");
INSERT INTO pet VALUES("150.252.107-00","Margot","canino","Pug");
INSERT INTO pet VALUES("227.410.199-65","Lucky","felino","Exótico");
INSERT INTO pet VALUES("968.018.467-67","Nívea","canino","Pastor alemão");
INSERT INTO pet VALUES("300.527.007-49","Aladdin","canino","Pit bull");
INSERT INTO pet VALUES("230.198.193-68","Will","canino","Pastor de Shetland");
INSERT INTO pet VALUES("150.252.107-00","Coringa","canino","Pastor alemão");
INSERT INTO pet VALUES("508.557.288-95","Falcão","felino","Pelo Curto Americano");
INSERT INTO pet VALUES("005.115.041-56","Jujuba","canino","Poodle");
INSERT INTO pet VALUES("773.491.867-59","Aladdin","canino","Boxer");
INSERT INTO pet VALUES("866.055.155-33","Fiona","felino","Angorá Turco");
INSERT INTO pet VALUES("660.712.984-34","Happy","canino","Buldogue inglês");
INSERT INTO pet VALUES("424.389.125-72","Shelby","canino","Husky siberiano");
INSERT INTO pet VALUES("452.675.726-22","Ziggy","canino","Dálmata");
INSERT INTO pet VALUES("259.562.780-67","Sombrinha","canino","Mastiff inglês");
INSERT INTO pet VALUES("525.706.879-70","Oliver","canino","Dogue alemão");
INSERT INTO pet VALUES("512.645.190-78","Jake","canino","Poodle");
INSERT INTO pet VALUES("455.333.809-29","Cameron","felino","Siamês");
INSERT INTO pet VALUES("877.525.246-48","Hans","canino","Akita");
INSERT INTO pet VALUES("720.406.029-33","Marshall","felino","Gato Persa");
INSERT INTO pet VALUES("810.685.294-12","Belinha","canino","Pastor alemão");
INSERT INTO pet VALUES("237.406.626-90","Happy","canino","Shiba");
INSERT INTO pet VALUES("814.416.518-28","Charles","canino","Pug");
INSERT INTO pet VALUES("817.709.491-38","Alice","canino","Dálmata");
INSERT INTO pet VALUES("810.685.294-12","Thabata","canino","Cavalier king charles spaniel");
INSERT INTO pet VALUES("357.652.244-98","Bambi","felino","Exótico");
INSERT INTO pet VALUES("135.816.543-39","Nova","canino","Cane corso");
INSERT INTO pet VALUES("523.144.472-19","Leia","canino","Boxer");
INSERT INTO pet VALUES("596.725.453-05","Tarantino","canino","Cane corso");
INSERT INTO pet VALUES("435.167.754-52","Olga","canino","Doberman");
INSERT INTO pet VALUES("671.124.964-77","Céu","canino","Yorkshire");
INSERT INTO pet VALUES("916.113.433-81","Speed","canino","Pit bull");
INSERT INTO pet VALUES("490.521.123-91","Koda","canino","Pug");
INSERT INTO pet VALUES("486.915.690-15","Happy","felino","Pelo Curto Brasileiro");
INSERT INTO pet VALUES("596.725.453-05","Mustang","canino","Shiba");
INSERT INTO pet VALUES("322.336.991-72","Zelda","felino","Siamês");
INSERT INTO pet VALUES("826.901.289-40","Boo","felino","Angorá Turco");
INSERT INTO pet VALUES("363.947.254-19","Bridget","felino","Himalaio");
INSERT INTO pet VALUES("612.310.604-44","Danny","felino","Gato Persa");
INSERT INTO pet VALUES("452.675.726-22","Simba","canino","Boston terrier");
INSERT INTO pet VALUES("702.106.255-08","Xena","felino","Himalaio");
INSERT INTO pet VALUES("620.090.795-10","Charlotte","canino","Mastiff inglês");
INSERT INTO pet VALUES("206.577.140-11","Maeve","felino","Pelo Curto Brasileiro");
INSERT INTO pet VALUES("512.645.190-78","Sugar","canino","Mastim tibetano");
INSERT INTO pet VALUES("491.197.456-80","Norman","felino","Himalaio");
INSERT INTO pet VALUES("404.398.432-63","Beatriz","canino","Shiba");
INSERT INTO pet VALUES("530.042.308-58","Ford","canino","Boxer");
INSERT INTO pet VALUES("426.086.385-27","Maeve","felino","Siamês");
INSERT INTO pet VALUES("632.840.532-72","Bit Bit","canino","Bull terrier");
INSERT INTO pet VALUES("435.167.754-52","Ziggy","canino","Pastor australiano");
INSERT INTO pet VALUES("632.840.532-72","Gaia","felino","Pelo Curto Brasileiro");
INSERT INTO pet VALUES("206.577.140-11","Winston","felino","Siamês");
INSERT INTO pet VALUES("567.376.178-14","Leia","canino","Dachshund");
INSERT INTO pet VALUES("951.514.802-67","Gio","canino","Bichon frisé");
INSERT INTO pet VALUES("745.050.107-56","Wanda","felino","Pelo Curto Brasileiro");
INSERT INTO pet VALUES("057.782.898-22","Xena","canino","Cocker spaniel inglês");
INSERT INTO pet VALUES("690.452.544-78","Louise","canino","Boston terrier");
INSERT INTO pet VALUES("303.290.586-57","Dolores","felino","Gato Persa");
INSERT INTO pet VALUES("745.050.107-56","Tina","canino","Border collie");
INSERT INTO pet VALUES("508.557.288-95","Bambi","canino","Pastor alemão");
INSERT INTO pet VALUES("404.398.432-63","Tom","felino","Exótico");
INSERT INTO pet VALUES("080.657.159-66","Bernadette","canino","Labrador retriever");
INSERT INTO pet VALUES("410.344.441-53","Darryl","canino","Pastor australiano");
INSERT INTO pet VALUES("215.361.022-64","Saramago","felino","Pelo Curto Americano");
INSERT INTO pet VALUES("619.694.905-15","Wanda","felino","Gato Persa");
INSERT INTO pet VALUES("206.577.140-11","Buster","canino","Chow chow");
INSERT INTO pet VALUES("548.854.580-42","Marley","canino","Cocker spaniel inglês");


INSERT INTO reserva VALUES ("Juan","2022-01-11 18:00:00");
INSERT INTO reserva VALUES ("Raymond","2021-04-17 07:20:00");
INSERT INTO reserva VALUES ("Henriqueta","2022-07-28 14:20:00");
INSERT INTO reserva VALUES ("Joana","2022-03-03 12:20:00");
INSERT INTO reserva VALUES ("Isabel","2021-10-28 21:40:00");
INSERT INTO reserva VALUES ("Gabriele","2022-11-03 13:20:00");
INSERT INTO reserva VALUES ("Alice","2022-12-16 21:00:00");
INSERT INTO reserva VALUES ("Leonor","2019-10-24 09:20:00");
INSERT INTO reserva VALUES ("Ofélia","2022-06-20 15:10:00");
INSERT INTO reserva VALUES ("Juana","2022-08-18 10:30:00");
INSERT INTO reserva VALUES ("Francisco","2021-08-09 13:10:00");
INSERT INTO reserva VALUES ("Bernarda","2022-03-20 02:20:00");
INSERT INTO reserva VALUES ("Luciana","2020-05-13 04:10:00");
INSERT INTO reserva VALUES ("Sebastian","2019-02-27 02:00:00");
INSERT INTO reserva VALUES ("Fabiana","2021-10-28 21:10:00");
INSERT INTO reserva VALUES ("Jerónimo","2020-02-05 01:20:00");
INSERT INTO reserva VALUES ("Eduardo","2020-10-09 06:00:00");
INSERT INTO reserva VALUES ("Margarita","2021-08-11 08:50:00");
INSERT INTO reserva VALUES ("Armando","2019-10-12 02:40:00");
INSERT INTO reserva VALUES ("Giulio","2020-10-21 08:10:00");
INSERT INTO reserva VALUES ("Margarita","2020-11-02 10:00:00");
INSERT INTO reserva VALUES ("Alice","2022-12-02 20:10:00");
INSERT INTO reserva VALUES ("Marcos","2019-08-21 00:20:00");
INSERT INTO reserva VALUES ("Alexandre","2019-09-16 01:20:00");
INSERT INTO reserva VALUES ("Ema","2021-05-02 02:50:00");
INSERT INTO reserva VALUES ("Ingrid","2021-12-18 20:40:00");
INSERT INTO reserva VALUES ("Ana","2022-08-28 08:30:00");
INSERT INTO reserva VALUES ("Violeta","2020-12-08 13:00:00");
INSERT INTO reserva VALUES ("Palmira","2022-11-08 18:30:00");
INSERT INTO reserva VALUES ("Henrique","2022-08-03 10:40:00");
INSERT INTO reserva VALUES ("Armando","2022-04-03 23:30:00");
INSERT INTO reserva VALUES ("Andrea","2019-01-02 07:50:00");
INSERT INTO reserva VALUES ("Eduardo","2020-10-22 22:20:00");
INSERT INTO reserva VALUES ("Suidberto","2021-09-04 00:00:00");
INSERT INTO reserva VALUES ("Adelaide","2020-07-01 18:10:00");
INSERT INTO reserva VALUES ("José","2022-06-22 23:20:00");
INSERT INTO reserva VALUES ("Joaquina","2021-03-15 06:00:00");
INSERT INTO reserva VALUES ("Henriqueta","2019-02-16 03:10:00");
INSERT INTO reserva VALUES ("Tomás","2020-04-06 03:00:00");
INSERT INTO reserva VALUES ("Tiago","2020-03-15 02:10:00");
INSERT INTO reserva VALUES ("Alda","2021-03-16 16:40:00");
INSERT INTO reserva VALUES ("Mateus","2019-03-05 01:10:00");
INSERT INTO reserva VALUES ("Teresa","2022-10-27 06:30:00");
INSERT INTO reserva VALUES ("Paula","2019-10-18 01:00:00");
INSERT INTO reserva VALUES ("Ryan","2019-12-25 19:50:00");
INSERT INTO reserva VALUES ("Ernesto","2022-09-15 13:20:00");
INSERT INTO reserva VALUES ("Mariana","2021-03-14 18:00:00");
INSERT INTO reserva VALUES ("Bianca","2020-05-20 10:10:00");
INSERT INTO reserva VALUES ("Vasco","2020-09-09 19:30:00");
INSERT INTO reserva VALUES ("Suidberto","2021-06-07 09:30:00");
INSERT INTO reserva VALUES ("Belarmina","2022-12-21 09:10:00");
INSERT INTO reserva VALUES ("Manuel","2021-08-01 19:20:00");
INSERT INTO reserva VALUES ("Bernardo","2021-12-02 21:10:00");
INSERT INTO reserva VALUES ("Denise","2020-06-22 06:20:00");
INSERT INTO reserva VALUES ("Tomás","2020-05-09 23:00:00");
INSERT INTO reserva VALUES ("Alvarim","2021-02-08 02:10:00");
INSERT INTO reserva VALUES ("Thomas","2020-02-25 00:50:00");
INSERT INTO reserva VALUES ("Reinaldo","2019-06-18 10:40:00");
INSERT INTO reserva VALUES ("Beatriz","2021-02-25 22:00:00");
INSERT INTO reserva VALUES ("Suidberto","2022-11-22 08:20:00");
INSERT INTO reserva VALUES ("Madalena","2020-04-11 03:20:00");
INSERT INTO reserva VALUES ("Neuza","2020-01-24 18:00:00");
INSERT INTO reserva VALUES ("João","2021-02-11 05:50:00");
INSERT INTO reserva VALUES ("Daniel","2021-02-07 02:40:00");
INSERT INTO reserva VALUES ("Júlio","2019-04-17 10:40:00");
INSERT INTO reserva VALUES ("Elvira","2022-08-25 22:40:00");
INSERT INTO reserva VALUES ("Cristóbal","2021-07-10 09:50:00");
INSERT INTO reserva VALUES ("Sara","2019-08-22 03:40:00");
INSERT INTO reserva VALUES ("Luís","2022-07-21 23:10:00");
INSERT INTO reserva VALUES ("Rosália","2021-04-14 20:40:00");
INSERT INTO reserva VALUES ("David","2019-03-01 13:00:00");
INSERT INTO reserva VALUES ("Arthur","2022-10-25 19:50:00");
INSERT INTO reserva VALUES ("Augusto","2019-02-20 15:50:00");
INSERT INTO reserva VALUES ("Filipa","2019-06-24 13:10:00");
INSERT INTO reserva VALUES ("Rosineide","2019-12-28 05:10:00");
INSERT INTO reserva VALUES ("Cláudio","2021-12-04 12:50:00");
INSERT INTO reserva VALUES ("Martinho","2020-11-26 04:10:00");
INSERT INTO reserva VALUES ("Raquel","2019-07-02 07:30:00");
INSERT INTO reserva VALUES ("Irene","2019-12-04 21:00:00");
INSERT INTO reserva VALUES ("Otília","2020-06-05 15:10:00");
INSERT INTO reserva VALUES ("Ema","2021-12-18 11:40:00");
INSERT INTO reserva VALUES ("James","2021-04-06 16:10:00");
INSERT INTO reserva VALUES ("Anselmo","2021-03-22 21:10:00");
INSERT INTO reserva VALUES ("João","2022-03-23 05:50:00");
INSERT INTO reserva VALUES ("Gustavo","2019-05-27 03:10:00");
INSERT INTO reserva VALUES ("Henriqueta","2019-10-01 12:00:00");
INSERT INTO reserva VALUES ("Plácido","2021-11-12 16:20:00");
INSERT INTO reserva VALUES ("Miguel","2020-04-01 08:00:00");
INSERT INTO reserva VALUES ("Basílio","2022-07-06 08:20:00");
INSERT INTO reserva VALUES ("Henriqueta","2021-06-22 04:40:00");
INSERT INTO reserva VALUES ("Fernando","2022-01-14 13:30:00");
INSERT INTO reserva VALUES ("Carolina","2021-02-17 13:40:00");
INSERT INTO reserva VALUES ("Lucas","2022-12-25 03:20:00");
INSERT INTO reserva VALUES ("Beatriz","2021-03-12 11:40:00");
INSERT INTO reserva VALUES ("Luciana","2020-01-17 10:50:00");
INSERT INTO reserva VALUES ("Paula","2021-07-19 13:30:00");
INSERT INTO reserva VALUES ("Elvira","2021-06-19 20:20:00");
INSERT INTO reserva VALUES ("Paula","2021-07-09 15:20:00");
INSERT INTO reserva VALUES ("Duarte","2019-08-18 05:10:00");
INSERT INTO reserva VALUES ("Ingrid","2020-07-17 20:00:00");
INSERT INTO reserva VALUES ("Rosa","2020-10-17 22:00:00");
INSERT INTO reserva VALUES ("Sónia","2021-04-09 21:50:00");
INSERT INTO reserva VALUES ("Inês","2020-11-11 01:40:00");
INSERT INTO reserva VALUES ("Luís","2019-12-08 07:50:00");
INSERT INTO reserva VALUES ("Fabiana","2019-01-03 16:20:00");
INSERT INTO reserva VALUES ("Bento","2019-01-28 09:20:00");
INSERT INTO reserva VALUES ("Luciana","2022-11-08 13:50:00");
INSERT INTO reserva VALUES ("Marta","2019-06-09 04:20:00");
INSERT INTO reserva VALUES ("Jacinto","2022-12-26 04:50:00");
INSERT INTO reserva VALUES ("Natália","2020-09-19 23:30:00");
INSERT INTO reserva VALUES ("Evandro","2021-04-15 06:00:00");
INSERT INTO reserva VALUES ("Sebastian","2021-07-06 12:00:00");
INSERT INTO reserva VALUES ("Beatriz","2020-11-21 02:30:00");
INSERT INTO reserva VALUES ("Carlos","2019-09-26 23:00:00");
INSERT INTO reserva VALUES ("Ema","2021-12-20 18:10:00");
INSERT INTO reserva VALUES ("Daniel","2022-07-05 02:30:00");
INSERT INTO reserva VALUES ("Alice","2019-05-08 22:50:00");
INSERT INTO reserva VALUES ("Basílio","2021-02-08 09:20:00");
INSERT INTO reserva VALUES ("Gertrudes","2022-07-03 15:20:00");
INSERT INTO reserva VALUES ("Januário","2022-02-25 14:10:00");
INSERT INTO reserva VALUES ("Suidberto","2019-06-26 20:40:00");
INSERT INTO reserva VALUES ("Ana","2022-06-25 14:10:00");
INSERT INTO reserva VALUES ("Anne","2020-07-01 18:10:00");
INSERT INTO reserva VALUES ("Nelson","2021-05-04 22:00:00");
INSERT INTO reserva VALUES ("João","2022-08-17 20:20:00");
INSERT INTO reserva VALUES ("Nicole","2020-01-28 23:10:00");
INSERT INTO reserva VALUES ("Antero","2022-04-03 07:10:00");
INSERT INTO reserva VALUES ("Conceição","2019-06-24 19:50:00");
INSERT INTO reserva VALUES ("Eduardo","2020-08-04 03:40:00");
INSERT INTO reserva VALUES ("António","2019-09-12 01:00:00");
INSERT INTO reserva VALUES ("Ingrid","2019-09-06 03:00:00");
INSERT INTO reserva VALUES ("Suidberto","2022-07-10 07:10:00");
INSERT INTO reserva VALUES ("Mário","2022-06-07 01:40:00");
INSERT INTO reserva VALUES ("Ema","2019-02-08 20:10:00");
INSERT INTO reserva VALUES ("Frederico","2021-11-12 17:10:00");
INSERT INTO reserva VALUES ("Tiago","2021-06-02 14:30:00");
INSERT INTO reserva VALUES ("Joana","2022-12-21 10:30:00");
INSERT INTO reserva VALUES ("Daniel","2022-04-06 10:50:00");
INSERT INTO reserva VALUES ("Isadora","2022-02-24 03:50:00");
INSERT INTO reserva VALUES ("Adelaide","2020-06-13 23:40:00");
INSERT INTO reserva VALUES ("Daniela","2022-12-17 08:40:00");
INSERT INTO reserva VALUES ("Daniel","2021-07-24 01:40:00");
INSERT INTO reserva VALUES ("Catarina","2021-10-02 23:20:00");
INSERT INTO reserva VALUES ("Afonso","2020-02-24 08:50:00");
INSERT INTO reserva VALUES ("Rui","2021-12-03 10:50:00");
INSERT INTO reserva VALUES ("Catalina","2020-11-14 08:50:00");
INSERT INTO reserva VALUES ("Fernanda","2019-04-19 18:20:00");
INSERT INTO reserva VALUES ("Sebastian","2022-11-25 02:20:00");
INSERT INTO reserva VALUES ("Valentina","2019-04-05 14:00:00");
INSERT INTO reserva VALUES ("Luís","2020-02-26 17:30:00");
INSERT INTO reserva VALUES ("Helena","2019-11-14 01:10:00");
INSERT INTO reserva VALUES ("Jacinto","2019-02-23 00:20:00");
INSERT INTO reserva VALUES ("Filipa","2021-03-21 03:20:00");
INSERT INTO reserva VALUES ("Diogo","2019-10-26 04:20:00");
INSERT INTO reserva VALUES ("Valentina","2020-07-28 12:50:00");
INSERT INTO reserva VALUES ("Sebastião","2020-01-02 03:30:00");
INSERT INTO reserva VALUES ("Jaime","2022-10-09 04:30:00");
INSERT INTO reserva VALUES ("Henrique","2021-10-11 13:10:00");
INSERT INTO reserva VALUES ("Arthur","2020-03-20 13:20:00");
INSERT INTO reserva VALUES ("Ricardo","2020-10-02 09:10:00");
INSERT INTO reserva VALUES ("Bianca","2019-06-09 07:10:00");
INSERT INTO reserva VALUES ("Giulio","2019-09-06 16:50:00");
INSERT INTO reserva VALUES ("Violeta","2021-03-19 18:30:00");
INSERT INTO reserva VALUES ("Joaquina","2021-02-23 22:20:00");
INSERT INTO reserva VALUES ("Gertrudes","2019-06-06 12:10:00");
INSERT INTO reserva VALUES ("Ricardo","2021-11-01 10:20:00");
INSERT INTO reserva VALUES ("Leodegário","2019-03-26 23:10:00");
INSERT INTO reserva VALUES ("Raymond","2022-08-21 19:20:00");
INSERT INTO reserva VALUES ("Sebastian","2022-10-24 15:40:00");
INSERT INTO reserva VALUES ("Danielle","2020-12-08 07:50:00");
INSERT INTO reserva VALUES ("Mijael","2022-06-12 23:40:00");
INSERT INTO reserva VALUES ("Gertrudes","2021-08-12 08:50:00");
INSERT INTO reserva VALUES ("Bernardo","2020-02-13 00:50:00");
INSERT INTO reserva VALUES ("Ernesto","2022-06-14 16:20:00");
INSERT INTO reserva VALUES ("Alexandre","2022-06-04 16:20:00");
INSERT INTO reserva VALUES ("Ofélia","2021-02-11 14:40:00");
INSERT INTO reserva VALUES ("Joaquin","2022-08-01 21:00:00");
INSERT INTO reserva VALUES ("Sebastião","2021-09-05 12:50:00");
INSERT INTO reserva VALUES ("Juan","2021-01-19 22:50:00");
INSERT INTO reserva VALUES ("Gabriel","2019-01-25 08:00:00");
INSERT INTO reserva VALUES ("Joana","2022-02-03 07:20:00");
INSERT INTO reserva VALUES ("Virgínia","2022-04-04 02:40:00");
INSERT INTO reserva VALUES ("Januário","2021-05-09 13:00:00");
INSERT INTO reserva VALUES ("Aires","2019-08-15 18:20:00");
INSERT INTO reserva VALUES ("Holly","2021-08-25 03:10:00");
INSERT INTO reserva VALUES ("Joaquin","2019-02-13 03:50:00");
INSERT INTO reserva VALUES ("Jacinto","2021-08-12 06:30:00");
INSERT INTO reserva VALUES ("Santiago","2020-05-07 14:40:00");
INSERT INTO reserva VALUES ("Raquel","2022-09-05 09:50:00");
INSERT INTO reserva VALUES ("Gabriele","2021-08-03 05:50:00");
INSERT INTO reserva VALUES ("Fabiana","2020-10-01 10:10:00");
INSERT INTO reserva VALUES ("Carlos","2022-09-19 01:10:00");
INSERT INTO reserva VALUES ("Pierre","2020-05-22 17:50:00");
INSERT INTO reserva VALUES ("Basílio","2022-12-06 22:00:00");
INSERT INTO reserva VALUES ("Cristóbal","2020-01-13 05:40:00");
INSERT INTO reserva VALUES ("Rosália","2020-06-12 01:10:00");
INSERT INTO reserva VALUES ("Joaquim","2021-11-15 13:40:00");
INSERT INTO reserva VALUES ("Belarmina","2021-11-21 23:20:00");
INSERT INTO reserva VALUES ("Ewa","2021-04-08 19:00:00");
INSERT INTO reserva VALUES ("Rosária","2020-12-18 23:20:00");
INSERT INTO reserva VALUES ("Adelaide","2022-07-20 01:40:00");
INSERT INTO reserva VALUES ("Rita","2021-05-27 10:30:00");
INSERT INTO reserva VALUES ("Palmira","2021-11-10 17:50:00");
INSERT INTO reserva VALUES ("Luciana","2020-06-24 20:00:00");
INSERT INTO reserva VALUES ("Nicole","2022-08-13 11:00:00");
INSERT INTO reserva VALUES ("Rui","2019-11-02 06:30:00");
INSERT INTO reserva VALUES ("Rosineide","2021-01-05 03:40:00");
INSERT INTO reserva VALUES ("Gonçalo","2021-09-24 16:30:00");
INSERT INTO reserva VALUES ("Nicole","2019-10-27 01:20:00");
INSERT INTO reserva VALUES ("Salvador","2021-01-06 10:40:00");
INSERT INTO reserva VALUES ("Filipe","2022-10-04 10:20:00");
INSERT INTO reserva VALUES ("Teresa","2020-09-18 23:10:00");
INSERT INTO reserva VALUES ("Elvira","2019-07-17 08:00:00");
INSERT INTO reserva VALUES ("Joseph","2022-05-04 07:20:00");
INSERT INTO reserva VALUES ("Raymond","2021-11-17 07:50:00");
INSERT INTO reserva VALUES ("Carolina","2021-08-08 11:20:00");
INSERT INTO reserva VALUES ("Ryan","2020-01-16 11:10:00");
INSERT INTO reserva VALUES ("Matilde","2019-04-10 19:40:00");
INSERT INTO reserva VALUES ("Vasco","2021-05-25 03:50:00");
INSERT INTO reserva VALUES ("Alda","2020-11-01 05:40:00");
INSERT INTO reserva VALUES ("Francisca","2019-04-13 07:50:00");
INSERT INTO reserva VALUES ("Gonçalo","2022-05-27 06:40:00");
INSERT INTO reserva VALUES ("Mónica","2019-04-15 07:10:00");
INSERT INTO reserva VALUES ("Raul","2020-03-27 22:40:00");
INSERT INTO reserva VALUES ("Ingrid","2022-07-02 18:40:00");
INSERT INTO reserva VALUES ("Júlia","2019-04-02 13:10:00");
INSERT INTO reserva VALUES ("Flora","2019-12-15 12:40:00");
INSERT INTO reserva VALUES ("Mafalda","2022-03-17 08:30:00");
INSERT INTO reserva VALUES ("Jerónimo","2022-10-16 12:40:00");
INSERT INTO reserva VALUES ("Virgínia","2020-09-19 16:00:00");
INSERT INTO reserva VALUES ("Belmira","2019-07-26 17:30:00");
INSERT INTO reserva VALUES ("Margarita","2020-11-15 01:20:00");
INSERT INTO reserva VALUES ("Mateus","2020-03-08 00:20:00");
INSERT INTO reserva VALUES ("Benjamin","2019-07-09 19:40:00");
INSERT INTO reserva VALUES ("Constança","2019-12-02 00:00:00");
INSERT INTO reserva VALUES ("Lucas","2020-04-26 01:20:00");
INSERT INTO reserva VALUES ("Ethna","2020-05-01 12:40:00");
INSERT INTO reserva VALUES ("Belarmina","2021-06-19 01:40:00");
INSERT INTO reserva VALUES ("Alda","2022-05-20 19:30:00");
INSERT INTO reserva VALUES ("Diana","2019-10-22 19:40:00");
INSERT INTO reserva VALUES ("Virgínia","2020-12-17 10:30:00");
INSERT INTO reserva VALUES ("Marcos","2019-04-05 16:50:00");
INSERT INTO reserva VALUES ("Pierre","2019-01-07 09:40:00");
INSERT INTO reserva VALUES ("Sara","2021-10-20 18:20:00");
INSERT INTO reserva VALUES ("Gabriel","2019-05-12 22:50:00");
INSERT INTO reserva VALUES ("Nicholas","2019-11-27 18:10:00");
INSERT INTO reserva VALUES ("Plautilla","2020-03-25 18:00:00");
INSERT INTO reserva VALUES ("Gertrudes","2022-10-27 14:30:00");
INSERT INTO reserva VALUES ("Júlio","2019-07-26 18:50:00");
INSERT INTO reserva VALUES ("Rosina","2019-11-01 08:20:00");
INSERT INTO reserva VALUES ("Jaime","2019-11-27 10:10:00");
INSERT INTO reserva VALUES ("Alberto","2022-03-19 16:20:00");
INSERT INTO reserva VALUES ("Palmira","2020-12-06 20:10:00");
INSERT INTO reserva VALUES ("Júlia","2019-10-26 17:10:00");
INSERT INTO reserva VALUES ("Paula","2020-04-14 19:10:00");
INSERT INTO reserva VALUES ("Gisele","2019-07-15 18:00:00");
INSERT INTO reserva VALUES ("Elias","2020-04-26 10:00:00");
INSERT INTO reserva VALUES ("Frederico","2021-03-16 01:30:00");
INSERT INTO reserva VALUES ("Emília","2022-05-17 21:30:00");
INSERT INTO reserva VALUES ("Raymond","2021-07-05 01:20:00");
INSERT INTO reserva VALUES ("Adelaide","2019-05-22 04:10:00");
INSERT INTO reserva VALUES ("Alvarim","2021-11-15 12:40:00");
INSERT INTO reserva VALUES ("Armando","2019-08-21 01:40:00");
INSERT INTO reserva VALUES ("Joe","2021-08-18 09:10:00");
INSERT INTO reserva VALUES ("Joseph","2020-03-05 09:30:00");
INSERT INTO reserva VALUES ("Gertrudes","2019-12-26 13:00:00");
INSERT INTO reserva VALUES ("Laura","2022-10-26 05:10:00");
INSERT INTO reserva VALUES ("Ana","2019-12-14 09:50:00");
INSERT INTO reserva VALUES ("Plácido","2022-12-06 15:00:00");
INSERT INTO reserva VALUES ("Tiago","2021-12-04 01:00:00");
INSERT INTO reserva VALUES ("Filipa","2022-07-07 18:30:00");
INSERT INTO reserva VALUES ("Flora","2020-04-08 02:50:00");
INSERT INTO reserva VALUES ("Gonçalo","2019-09-07 23:40:00");
INSERT INTO reserva VALUES ("Artur","2020-04-19 04:30:00");
INSERT INTO reserva VALUES ("Ricardo","2019-04-03 14:00:00");
INSERT INTO reserva VALUES ("Jacinto","2020-06-26 19:10:00");
INSERT INTO reserva VALUES ("James","2021-09-21 19:50:00");
INSERT INTO reserva VALUES ("Duarte","2020-10-12 14:20:00");
INSERT INTO reserva VALUES ("Mariano","2019-03-10 04:50:00");
INSERT INTO reserva VALUES ("Palmira","2019-06-18 07:20:00");
INSERT INTO reserva VALUES ("Constança","2022-03-15 12:40:00");
INSERT INTO reserva VALUES ("Suidberto","2020-08-23 14:00:00");
INSERT INTO reserva VALUES ("Jacinto","2019-06-15 12:30:00");
INSERT INTO reserva VALUES ("Diana","2020-12-28 00:50:00");
INSERT INTO reserva VALUES ("Emília","2019-06-04 00:30:00");
INSERT INTO reserva VALUES ("Marta","2022-12-16 06:40:00");
INSERT INTO reserva VALUES ("Magdalena","2022-03-01 14:40:00");
INSERT INTO reserva VALUES ("Henriqueta","2022-08-12 15:00:00");
INSERT INTO reserva VALUES ("Belmira","2021-08-24 14:20:00");
INSERT INTO reserva VALUES ("Raul","2021-01-04 05:30:00");
INSERT INTO reserva VALUES ("Holly","2022-10-03 14:30:00");
INSERT INTO reserva VALUES ("Joseph","2022-07-04 11:00:00");
INSERT INTO reserva VALUES ("Fernanda","2022-03-21 14:40:00");
INSERT INTO reserva VALUES ("Alexandre","2022-09-26 19:30:00");
INSERT INTO reserva VALUES ("Holly","2020-09-06 23:00:00");
INSERT INTO reserva VALUES ("Plácido","2022-10-24 00:20:00");
INSERT INTO reserva VALUES ("Miguel","2020-04-19 01:30:00");
INSERT INTO reserva VALUES ("Pierre","2022-01-02 12:30:00");
INSERT INTO reserva VALUES ("Lucília","2022-02-19 16:10:00");
INSERT INTO reserva VALUES ("Rosina","2022-03-07 16:10:00");
INSERT INTO reserva VALUES ("Inês","2019-02-03 05:50:00");
INSERT INTO reserva VALUES ("Adelaide","2022-07-01 06:10:00");
INSERT INTO reserva VALUES ("Matilde","2019-09-19 03:50:00");
INSERT INTO reserva VALUES ("Joseph","2019-06-03 17:30:00");
INSERT INTO reserva VALUES ("Benjamin","2022-03-12 04:00:00");
INSERT INTO reserva VALUES ("Ernesto","2020-06-28 15:10:00");
INSERT INTO reserva VALUES ("Vera","2020-11-25 05:20:00");
INSERT INTO reserva VALUES ("Ethna","2020-10-07 00:10:00");
INSERT INTO reserva VALUES ("Lucinda","2020-11-09 08:00:00");
INSERT INTO reserva VALUES ("Alexandre","2020-09-13 11:50:00");
INSERT INTO reserva VALUES ("Cláudio","2021-11-14 12:40:00");
INSERT INTO reserva VALUES ("Ingrid","2020-09-02 05:00:00");
INSERT INTO reserva VALUES ("Carolina","2019-11-20 08:30:00");
INSERT INTO reserva VALUES ("Constança","2020-03-12 17:20:00");
INSERT INTO reserva VALUES ("Mariano","2022-09-03 14:20:00");
INSERT INTO reserva VALUES ("Otília","2019-12-21 15:40:00");
INSERT INTO reserva VALUES ("Raquel","2019-08-26 21:30:00");
INSERT INTO reserva VALUES ("Fernanda","2020-07-13 23:50:00");
INSERT INTO reserva VALUES ("Carlota","2021-07-17 11:20:00");
INSERT INTO reserva VALUES ("Sofia","2019-02-13 15:20:00");
INSERT INTO reserva VALUES ("Daniel","2021-04-13 11:30:00");
INSERT INTO reserva VALUES ("Rodrigo","2021-05-25 19:10:00");
INSERT INTO reserva VALUES ("Rosineide","2022-04-11 02:40:00");
INSERT INTO reserva VALUES ("Clara","2019-08-06 21:20:00");
INSERT INTO reserva VALUES ("Emília","2022-03-09 06:10:00");
INSERT INTO reserva VALUES ("Arthur","2021-05-01 18:50:00");
INSERT INTO reserva VALUES ("Cláudio","2019-02-08 01:30:00");
INSERT INTO reserva VALUES ("Madalena","2020-01-20 06:30:00");
INSERT INTO reserva VALUES ("Plácido","2019-08-05 11:00:00");
INSERT INTO reserva VALUES ("Cláudio","2020-02-12 06:50:00");
INSERT INTO reserva VALUES ("Mónica","2021-12-13 09:20:00");
INSERT INTO reserva VALUES ("Aires","2021-05-16 09:00:00");
INSERT INTO reserva VALUES ("Marina","2020-12-09 00:00:00");
INSERT INTO reserva VALUES ("Lourenço","2022-07-06 14:40:00");
INSERT INTO reserva VALUES ("Rosa","2022-11-22 14:40:00");
INSERT INTO reserva VALUES ("Constança","2020-05-23 06:50:00");
INSERT INTO reserva VALUES ("Alda","2019-12-01 18:00:00");
INSERT INTO reserva VALUES ("Helena","2020-03-05 16:40:00");
INSERT INTO reserva VALUES ("Sandra","2021-03-28 09:50:00");
INSERT INTO reserva VALUES ("Ofélia","2022-12-05 20:10:00");
INSERT INTO reserva VALUES ("Rodrigo","2021-11-08 01:50:00");
INSERT INTO reserva VALUES ("Irene","2022-06-26 11:30:00");
INSERT INTO reserva VALUES ("Jaime","2019-03-21 19:50:00");
INSERT INTO reserva VALUES ("Alexandra","2021-02-03 14:40:00");
INSERT INTO reserva VALUES ("Danielle","2019-01-19 03:40:00");
INSERT INTO reserva VALUES ("Adelaide","2022-11-19 04:40:00");
INSERT INTO reserva VALUES ("Rosa","2022-12-03 04:10:00");
INSERT INTO reserva VALUES ("Maximilian","2020-07-23 22:00:00");
INSERT INTO reserva VALUES ("Enrique","2022-02-09 17:30:00");
INSERT INTO reserva VALUES ("Ryan","2022-05-12 00:10:00");
INSERT INTO reserva VALUES ("Beatriz","2019-02-02 06:00:00");
INSERT INTO reserva VALUES ("Danielle","2022-05-22 15:50:00");
INSERT INTO reserva VALUES ("Alda","2019-04-23 14:50:00");
INSERT INTO reserva VALUES ("Reinaldo","2021-06-17 16:20:00");
INSERT INTO reserva VALUES ("Ethna","2022-11-08 05:10:00");
INSERT INTO reserva VALUES ("Raquel","2020-11-19 15:00:00");
INSERT INTO reserva VALUES ("Juana","2021-06-04 11:50:00");
INSERT INTO reserva VALUES ("Nicholas","2021-03-20 16:30:00");
INSERT INTO reserva VALUES ("Mafalda","2019-04-08 20:10:00");
INSERT INTO reserva VALUES ("Alexandre","2019-07-12 07:10:00");
INSERT INTO reserva VALUES ("Otília","2022-09-06 08:40:00");
INSERT INTO reserva VALUES ("Elias","2022-07-28 03:10:00");
INSERT INTO reserva VALUES ("Teresa","2019-01-05 08:30:00");
INSERT INTO reserva VALUES ("Plautilla","2022-03-05 19:10:00");
INSERT INTO reserva VALUES ("Adelaide","2019-09-07 13:20:00");
INSERT INTO reserva VALUES ("Beatriz","2021-12-11 21:30:00");
INSERT INTO reserva VALUES ("Gustavo","2020-09-25 09:40:00");
INSERT INTO reserva VALUES ("Raquel","2020-08-15 22:00:00");
INSERT INTO reserva VALUES ("Anabela","2020-03-23 09:30:00");
INSERT INTO reserva VALUES ("Clara","2020-04-23 13:10:00");
INSERT INTO reserva VALUES ("Francisca","2022-01-08 11:50:00");
INSERT INTO reserva VALUES ("Juan","2022-05-18 09:10:00");
INSERT INTO reserva VALUES ("Margarita","2022-07-06 09:50:00");
INSERT INTO reserva VALUES ("Basílio","2020-12-06 12:50:00");
INSERT INTO reserva VALUES ("Filipe","2021-11-20 17:00:00");
INSERT INTO reserva VALUES ("Isabel","2022-11-20 05:20:00");
INSERT INTO reserva VALUES ("Fabiana","2022-09-14 18:10:00");
INSERT INTO reserva VALUES ("Diogo","2020-04-15 23:40:00");
INSERT INTO reserva VALUES ("Emília","2022-05-04 03:40:00");
INSERT INTO reserva VALUES ("Jacinto","2022-06-02 04:30:00");
INSERT INTO reserva VALUES ("Santiago","2021-04-04 11:50:00");
INSERT INTO reserva VALUES ("Marta","2020-06-11 05:50:00");
INSERT INTO reserva VALUES ("Santiago","2021-09-15 05:50:00");
INSERT INTO reserva VALUES ("James","2022-12-07 04:50:00");
INSERT INTO reserva VALUES ("José","2019-09-04 21:10:00");
INSERT INTO reserva VALUES ("Pedro","2021-03-02 03:50:00");
INSERT INTO reserva VALUES ("Catarina","2021-09-01 02:40:00");
INSERT INTO reserva VALUES ("Flora","2020-04-01 18:20:00");
INSERT INTO reserva VALUES ("Victor","2022-06-21 22:00:00");
INSERT INTO reserva VALUES ("Júlio","2021-04-09 10:20:00");
INSERT INTO reserva VALUES ("Emília","2020-05-11 01:00:00");
INSERT INTO reserva VALUES ("Martinho","2020-10-09 13:40:00");
INSERT INTO reserva VALUES ("Filomena","2019-01-18 10:30:00");
INSERT INTO reserva VALUES ("Mário","2019-09-06 12:40:00");
INSERT INTO reserva VALUES ("Alexandra","2019-05-20 09:20:00");
INSERT INTO reserva VALUES ("Anabela","2022-10-27 21:00:00");
INSERT INTO reserva VALUES ("Nelson","2021-09-12 17:20:00");
INSERT INTO reserva VALUES ("Rosa","2019-01-07 09:20:00");
INSERT INTO reserva VALUES ("Mónica","2020-01-18 16:40:00");
INSERT INTO reserva VALUES ("James","2020-03-06 02:00:00");
INSERT INTO reserva VALUES ("Plautilla","2022-01-24 19:30:00");
INSERT INTO reserva VALUES ("Jaime","2021-05-20 10:50:00");
INSERT INTO reserva VALUES ("Enrique","2022-08-21 01:00:00");
INSERT INTO reserva VALUES ("Maria","2022-03-11 07:30:00");
INSERT INTO reserva VALUES ("Ruben","2022-02-15 04:00:00");
INSERT INTO reserva VALUES ("Lucas","2019-03-11 20:30:00");
INSERT INTO reserva VALUES ("Joe","2020-07-28 04:10:00");
INSERT INTO reserva VALUES ("Evandro","2021-06-04 18:00:00");
INSERT INTO reserva VALUES ("Tomás","2019-11-01 02:40:00");
INSERT INTO reserva VALUES ("Madalena","2019-08-19 20:50:00");
INSERT INTO reserva VALUES ("Francisco","2021-03-28 03:40:00");
INSERT INTO reserva VALUES ("Gisele","2022-03-23 11:40:00");
INSERT INTO reserva VALUES ("Giulio","2022-02-12 13:30:00");
INSERT INTO reserva VALUES ("Raquel","2022-08-24 21:40:00");
INSERT INTO reserva VALUES ("Bárbara","2020-08-08 10:10:00");
INSERT INTO reserva VALUES ("Julieta","2021-09-23 01:00:00");
INSERT INTO reserva VALUES ("Rosa","2022-12-14 16:10:00");
INSERT INTO reserva VALUES ("Palmira","2021-10-20 13:10:00");
INSERT INTO reserva VALUES ("Lourenço","2022-03-19 06:00:00");
INSERT INTO reserva VALUES ("Júlia","2019-01-01 12:30:00");
INSERT INTO reserva VALUES ("Andreia","2019-09-23 00:40:00");
INSERT INTO reserva VALUES ("Gertrudes","2021-12-10 04:40:00");
INSERT INTO reserva VALUES ("Simone","2021-04-08 08:40:00");
INSERT INTO reserva VALUES ("Victor","2021-01-04 02:40:00");
INSERT INTO reserva VALUES ("Evandro","2022-06-11 09:40:00");
INSERT INTO reserva VALUES ("Cristóbal","2019-11-15 19:50:00");
INSERT INTO reserva VALUES ("Fabiana","2021-04-13 13:20:00");
INSERT INTO reserva VALUES ("Bárbara","2021-05-15 16:30:00");
INSERT INTO reserva VALUES ("Enrique","2020-02-10 01:50:00");
INSERT INTO reserva VALUES ("Lourenço","2022-08-14 15:40:00");
INSERT INTO reserva VALUES ("Marta","2020-04-23 00:50:00");
INSERT INTO reserva VALUES ("Lucília","2021-03-08 04:20:00");
INSERT INTO reserva VALUES ("Jorge","2021-06-15 01:10:00");
INSERT INTO reserva VALUES ("James","2022-09-25 00:10:00");
INSERT INTO reserva VALUES ("Rita","2019-08-11 05:30:00");
INSERT INTO reserva VALUES ("Libânia","2021-02-27 17:50:00");
INSERT INTO reserva VALUES ("Helena","2019-06-18 14:50:00");
INSERT INTO reserva VALUES ("Virgínia","2019-09-13 17:20:00");
INSERT INTO reserva VALUES ("Libânia","2020-10-22 02:50:00");
INSERT INTO reserva VALUES ("Alberto","2022-05-17 09:50:00");
INSERT INTO reserva VALUES ("Joaquim","2022-08-01 23:40:00");
INSERT INTO reserva VALUES ("Gertrudes","2019-09-01 04:40:00");
INSERT INTO reserva VALUES ("Bernarda","2019-08-13 09:40:00");
INSERT INTO reserva VALUES ("Santiago","2022-08-02 02:50:00");
INSERT INTO reserva VALUES ("Juana","2022-07-26 17:00:00");
INSERT INTO reserva VALUES ("Santiago","2021-08-06 07:40:00");
INSERT INTO reserva VALUES ("Anne","2020-06-16 19:10:00");
INSERT INTO reserva VALUES ("Danielle","2020-08-09 09:30:00");
INSERT INTO reserva VALUES ("Gabriele","2019-05-08 02:50:00");
INSERT INTO reserva VALUES ("Álvaro","2021-10-21 15:00:00");
INSERT INTO reserva VALUES ("Bernarda","2022-07-02 15:40:00");
INSERT INTO reserva VALUES ("Nicole","2019-04-24 01:30:00");
INSERT INTO reserva VALUES ("Gabriel","2020-01-24 06:10:00");
INSERT INTO reserva VALUES ("Carlos","2021-08-24 00:10:00");
INSERT INTO reserva VALUES ("Catalina","2022-10-24 07:00:00");
INSERT INTO reserva VALUES ("Sebastião","2019-07-07 23:50:00");
INSERT INTO reserva VALUES ("Danielle","2021-03-26 01:10:00");
INSERT INTO reserva VALUES ("Sara","2019-09-26 19:20:00");
INSERT INTO reserva VALUES ("Simone","2020-11-08 17:00:00");
INSERT INTO reserva VALUES ("Mijael","2019-08-16 06:50:00");
INSERT INTO reserva VALUES ("Patrícia","2019-09-03 09:30:00");
INSERT INTO reserva VALUES ("Mónica","2021-10-05 22:20:00");
INSERT INTO reserva VALUES ("Raquel","2022-08-02 16:40:00");
INSERT INTO reserva VALUES ("Manuel","2022-08-19 06:00:00");
INSERT INTO reserva VALUES ("Andreia","2019-01-06 03:30:00");
INSERT INTO reserva VALUES ("Jack","2019-07-02 03:40:00");
INSERT INTO reserva VALUES ("Domingos","2020-08-25 11:40:00");
INSERT INTO reserva VALUES ("Miguel","2019-04-11 15:10:00");
INSERT INTO reserva VALUES ("Diana","2022-12-24 04:00:00");
INSERT INTO reserva VALUES ("Arthur","2019-10-04 06:40:00");
INSERT INTO reserva VALUES ("Mónica","2019-11-28 19:10:00");
INSERT INTO reserva VALUES ("Rosineide","2021-03-27 06:10:00");
INSERT INTO reserva VALUES ("Constança","2021-03-09 05:40:00");
INSERT INTO reserva VALUES ("Vera","2021-10-05 21:30:00");
INSERT INTO reserva VALUES ("Yasmin","2020-05-25 15:40:00");
INSERT INTO reserva VALUES ("Alice","2021-06-13 12:00:00");
INSERT INTO reserva VALUES ("Mateus","2020-11-20 11:30:00");
INSERT INTO reserva VALUES ("Rosária","2021-10-03 03:10:00");
INSERT INTO reserva VALUES ("Francisca","2020-12-18 15:40:00");
INSERT INTO reserva VALUES ("Laura","2022-01-21 05:40:00");
INSERT INTO reserva VALUES ("Paula","2019-09-02 14:30:00");
INSERT INTO reserva VALUES ("Constança","2022-05-16 17:20:00");
INSERT INTO reserva VALUES ("Vasco","2020-07-22 18:30:00");
INSERT INTO reserva VALUES ("Thomas","2022-06-13 00:10:00");
INSERT INTO reserva VALUES ("Tiago","2021-02-28 11:30:00");
INSERT INTO reserva VALUES ("Gustavo","2019-07-28 09:40:00");
INSERT INTO reserva VALUES ("Laura","2021-08-01 19:30:00");
INSERT INTO reserva VALUES ("Julieta","2019-04-26 23:50:00");
INSERT INTO reserva VALUES ("Maria","2019-10-02 03:00:00");
INSERT INTO reserva VALUES ("Constança","2021-01-23 21:50:00");
INSERT INTO reserva VALUES ("Maria","2020-10-14 12:10:00");
INSERT INTO reserva VALUES ("Marina","2022-05-15 02:50:00");
INSERT INTO reserva VALUES ("Amélia","2022-07-16 07:40:00");
INSERT INTO reserva VALUES ("Mário","2022-05-05 00:00:00");
INSERT INTO reserva VALUES ("Conceição","2019-06-25 06:40:00");
INSERT INTO reserva VALUES ("Simone","2021-04-28 03:20:00");
INSERT INTO reserva VALUES ("Leocádia","2019-07-20 05:50:00");
INSERT INTO reserva VALUES ("Leocádia","2019-01-17 02:30:00");
INSERT INTO reserva VALUES ("Fabiana","2022-12-08 22:40:00");
INSERT INTO reserva VALUES ("Madalena","2020-06-19 08:30:00");
INSERT INTO reserva VALUES ("Plautilla","2020-07-13 07:00:00");
INSERT INTO reserva VALUES ("Julieta","2019-08-18 11:00:00");
INSERT INTO reserva VALUES ("Bernarda","2022-04-07 18:00:00");
INSERT INTO reserva VALUES ("Rosa","2020-06-24 22:00:00");
INSERT INTO reserva VALUES ("Leonor","2022-03-27 06:50:00");
INSERT INTO reserva VALUES ("Filipa","2022-05-19 02:10:00");
INSERT INTO reserva VALUES ("Ethna","2021-10-24 03:40:00");
INSERT INTO reserva VALUES ("Alice","2020-11-24 08:30:00");
INSERT INTO reserva VALUES ("Julieta","2022-06-09 11:20:00");
INSERT INTO reserva VALUES ("Joaquina","2019-09-10 01:10:00");
INSERT INTO reserva VALUES ("Tiago","2022-05-05 16:00:00");
INSERT INTO reserva VALUES ("Sandra","2020-03-01 05:30:00");
INSERT INTO reserva VALUES ("Ryan","2020-03-27 12:50:00");
INSERT INTO reserva VALUES ("André","2021-04-10 03:30:00");
INSERT INTO reserva VALUES ("Sara","2022-08-15 23:00:00");
INSERT INTO reserva VALUES ("Gabriela","2019-04-05 03:50:00");
INSERT INTO reserva VALUES ("Gabriel","2019-09-28 13:40:00");
INSERT INTO reserva VALUES ("Bento","2019-03-21 05:40:00");
INSERT INTO reserva VALUES ("Jerónimo","2020-08-25 01:00:00");
INSERT INTO reserva VALUES ("Marta","2021-07-12 09:30:00");
INSERT INTO reserva VALUES ("Josefa","2019-04-14 23:10:00");
INSERT INTO reserva VALUES ("Tiago","2019-05-07 05:20:00");
INSERT INTO reserva VALUES ("Jerónimo","2020-09-14 00:40:00");
INSERT INTO reserva VALUES ("Domingos","2022-06-24 11:50:00");
INSERT INTO reserva VALUES ("Casimir","2020-10-27 08:50:00");
INSERT INTO reserva VALUES ("Ingrid","2020-03-13 14:10:00");
INSERT INTO reserva VALUES ("Aniceto","2021-11-16 04:50:00");
INSERT INTO reserva VALUES ("Aniceto","2019-04-02 13:40:00");
INSERT INTO reserva VALUES ("Tatiana","2022-04-18 09:00:00");
INSERT INTO reserva VALUES ("Belarmina","2019-07-14 11:40:00");
INSERT INTO reserva VALUES ("Bento","2021-12-26 10:50:00");
INSERT INTO reserva VALUES ("Paulo","2022-11-18 13:20:00");
INSERT INTO reserva VALUES ("Gonçalo","2021-05-02 15:50:00");
INSERT INTO reserva VALUES ("Vasco","2020-01-20 19:20:00");
INSERT INTO reserva VALUES ("Valentina","2020-08-06 21:00:00");
INSERT INTO reserva VALUES ("Teresa","2021-12-19 01:40:00");
INSERT INTO reserva VALUES ("Sandra","2019-04-20 22:40:00");
INSERT INTO reserva VALUES ("Alda","2021-01-20 18:30:00");
INSERT INTO reserva VALUES ("Isabel","2019-03-11 01:10:00");
INSERT INTO reserva VALUES ("Basílio","2020-11-14 17:50:00");
INSERT INTO reserva VALUES ("Gabriel","2021-05-07 02:10:00");
INSERT INTO reserva VALUES ("Clara","2020-06-11 12:30:00");
INSERT INTO reserva VALUES ("José","2020-09-09 04:40:00");
INSERT INTO reserva VALUES ("Gabriele","2020-04-14 05:40:00");
INSERT INTO reserva VALUES ("Mariano","2022-04-21 00:00:00");
INSERT INTO reserva VALUES ("Ekaterina","2019-02-20 21:20:00");
INSERT INTO reserva VALUES ("Mariano","2022-09-27 19:40:00");
INSERT INTO reserva VALUES ("Rosa","2019-10-03 07:10:00");
INSERT INTO reserva VALUES ("Úrsula","2022-12-15 09:50:00");
INSERT INTO reserva VALUES ("Andrea","2020-04-05 10:00:00");
INSERT INTO reserva VALUES ("Thomas","2019-02-13 15:00:00");
INSERT INTO reserva VALUES ("Augusto","2019-03-17 23:50:00");
INSERT INTO reserva VALUES ("Ana","2020-02-13 13:10:00");
INSERT INTO reserva VALUES ("Thomas","2020-05-25 23:40:00");
INSERT INTO reserva VALUES ("Elias","2021-02-25 04:10:00");
INSERT INTO reserva VALUES ("Joseph","2022-04-08 23:20:00");
INSERT INTO reserva VALUES ("Luciana","2019-08-28 17:00:00");
INSERT INTO reserva VALUES ("Virgínia","2019-10-11 22:10:00");
INSERT INTO reserva VALUES ("Marina","2020-12-06 05:00:00");
INSERT INTO reserva VALUES ("Libânia","2019-09-03 19:10:00");
INSERT INTO reserva VALUES ("Paula","2019-04-10 21:10:00");
INSERT INTO reserva VALUES ("Rosália","2021-11-24 01:20:00");
INSERT INTO reserva VALUES ("Gisele","2022-08-08 18:40:00");
INSERT INTO reserva VALUES ("Denise","2021-04-05 10:10:00");
INSERT INTO reserva VALUES ("Neuza","2021-06-23 09:50:00");
INSERT INTO reserva VALUES ("Giulio","2020-02-12 06:40:00");
INSERT INTO reserva VALUES ("Eduardo","2020-04-07 19:10:00");
INSERT INTO reserva VALUES ("Augusto","2020-12-22 20:20:00");
INSERT INTO reserva VALUES ("Luciana","2020-02-28 02:30:00");
INSERT INTO reserva VALUES ("Leocádia","2020-01-21 04:20:00");
INSERT INTO reserva VALUES ("Violeta","2019-05-27 07:10:00");
INSERT INTO reserva VALUES ("Fabiana","2019-03-15 08:30:00");
INSERT INTO reserva VALUES ("Luciana","2021-02-05 02:40:00");
INSERT INTO reserva VALUES ("Gisele","2020-11-20 22:40:00");
INSERT INTO reserva VALUES ("Beatriz","2022-05-05 17:00:00");
INSERT INTO reserva VALUES ("Anne","2022-11-08 17:40:00");
INSERT INTO reserva VALUES ("Hanna","2019-02-03 22:20:00");
INSERT INTO reserva VALUES ("Arthur","2021-01-26 01:20:00");
INSERT INTO reserva VALUES ("Carlota","2022-04-15 18:20:00");
INSERT INTO reserva VALUES ("Gonçalo","2020-06-01 05:40:00");
INSERT INTO reserva VALUES ("Leon","2019-02-20 17:20:00");
INSERT INTO reserva VALUES ("Alda","2022-11-02 18:30:00");
INSERT INTO reserva VALUES ("Simone","2021-01-05 02:30:00");
INSERT INTO reserva VALUES ("Ofélia","2021-10-20 20:10:00");
INSERT INTO reserva VALUES ("Sebastião","2020-05-16 18:10:00");
INSERT INTO reserva VALUES ("Antero","2022-02-19 03:40:00");
INSERT INTO reserva VALUES ("Nicole","2020-04-20 22:40:00");
INSERT INTO reserva VALUES ("Francisco","2021-09-24 10:40:00");
INSERT INTO reserva VALUES ("Maria","2021-01-05 05:40:00");
INSERT INTO reserva VALUES ("Duarte","2019-03-02 14:50:00");
INSERT INTO reserva VALUES ("Bernarda","2021-04-18 03:40:00");
INSERT INTO reserva VALUES ("Sara","2021-08-15 02:20:00");
INSERT INTO reserva VALUES ("Ethna","2021-03-04 13:10:00");
INSERT INTO reserva VALUES ("Ofélia","2019-03-01 23:00:00");
INSERT INTO reserva VALUES ("Joana","2021-04-20 05:40:00");
INSERT INTO reserva VALUES ("André","2021-06-15 01:20:00");
INSERT INTO reserva VALUES ("Joaquin","2022-02-19 05:30:00");
INSERT INTO reserva VALUES ("Vasco","2022-08-10 02:20:00");
INSERT INTO reserva VALUES ("Reinaldo","2020-03-15 00:20:00");
INSERT INTO reserva VALUES ("Ricardo","2020-10-25 03:50:00");
INSERT INTO reserva VALUES ("Gabriela","2020-09-16 19:00:00");
INSERT INTO reserva VALUES ("Anselmo","2020-12-25 08:30:00");
INSERT INTO reserva VALUES ("Sebastião","2020-11-17 00:30:00");
INSERT INTO reserva VALUES ("Luciana","2020-11-27 19:50:00");
INSERT INTO reserva VALUES ("Andrea","2019-10-28 07:30:00");
INSERT INTO reserva VALUES ("David","2021-05-09 20:10:00");
INSERT INTO reserva VALUES ("Henriqueta","2022-01-25 17:10:00");
INSERT INTO reserva VALUES ("Daniel","2021-03-15 07:30:00");
INSERT INTO reserva VALUES ("Fabiana","2020-04-11 05:50:00");
INSERT INTO reserva VALUES ("Joaquin","2019-04-09 10:20:00");
INSERT INTO reserva VALUES ("Ernesto","2021-06-19 01:20:00");
INSERT INTO reserva VALUES ("Ryan","2021-05-27 01:00:00");
INSERT INTO reserva VALUES ("Raquel","2019-07-01 06:30:00");
INSERT INTO reserva VALUES ("Mariana","2020-09-18 22:00:00");
INSERT INTO reserva VALUES ("Natália","2021-10-28 16:50:00");
INSERT INTO reserva VALUES ("Evandro","2022-06-02 11:20:00");
INSERT INTO reserva VALUES ("Marina","2021-07-01 19:50:00");
INSERT INTO reserva VALUES ("Bianca","2022-04-27 17:10:00");
INSERT INTO reserva VALUES ("Violeta","2021-05-07 03:50:00");
INSERT INTO reserva VALUES ("Carolina","2019-09-24 22:40:00");
INSERT INTO reserva VALUES ("Jacinto","2020-12-21 00:40:00");
INSERT INTO reserva VALUES ("Gustavo","2019-04-08 06:40:00");
INSERT INTO reserva VALUES ("Pierre","2019-03-12 21:40:00");
INSERT INTO reserva VALUES ("Francisca","2019-02-28 17:00:00");
INSERT INTO reserva VALUES ("Casimir","2021-10-07 15:20:00");
INSERT INTO reserva VALUES ("Pierre","2022-01-06 03:40:00");
INSERT INTO reserva VALUES ("Pedro","2019-10-02 21:40:00");
INSERT INTO reserva VALUES ("Mariana","2019-02-05 18:40:00");
INSERT INTO reserva VALUES ("Salvador","2019-04-28 17:00:00");
INSERT INTO reserva VALUES ("Inácio","2022-08-10 11:10:00");
INSERT INTO reserva VALUES ("Ingrid","2020-08-19 23:40:00");
INSERT INTO reserva VALUES ("Nelson","2020-09-17 19:40:00");
INSERT INTO reserva VALUES ("Joe","2019-03-04 00:40:00");
INSERT INTO reserva VALUES ("Rui","2020-04-03 14:20:00");
INSERT INTO reserva VALUES ("Joe","2022-11-04 11:10:00");
INSERT INTO reserva VALUES ("James","2022-05-03 08:10:00");
INSERT INTO reserva VALUES ("Paula","2020-01-26 18:00:00");
INSERT INTO reserva VALUES ("Ingrid","2021-02-21 21:40:00");
INSERT INTO reserva VALUES ("Nicole","2022-08-11 15:20:00");
INSERT INTO reserva VALUES ("Julieta","2020-04-11 03:00:00");
INSERT INTO reserva VALUES ("Tiago","2020-04-16 13:40:00");
INSERT INTO reserva VALUES ("Anabela","2021-10-11 11:20:00");
INSERT INTO reserva VALUES ("Bernarda","2022-03-02 15:00:00");
INSERT INTO reserva VALUES ("Santiago","2020-08-04 15:10:00");
INSERT INTO reserva VALUES ("Rodrigo","2022-11-03 00:20:00");
INSERT INTO reserva VALUES ("Natália","2020-10-12 16:10:00");
INSERT INTO reserva VALUES ("Mariano","2021-11-08 11:50:00");
INSERT INTO reserva VALUES ("Cláudio","2020-05-04 03:00:00");
INSERT INTO reserva VALUES ("Afonso","2020-04-04 20:30:00");
INSERT INTO reserva VALUES ("Levi","2019-09-23 15:50:00");
INSERT INTO reserva VALUES ("Ruben","2022-01-04 15:00:00");
INSERT INTO reserva VALUES ("Raymond","2022-10-10 15:30:00");
INSERT INTO reserva VALUES ("Yasmin","2022-10-02 22:00:00");
INSERT INTO reserva VALUES ("Ernesto","2020-08-12 07:20:00");
INSERT INTO reserva VALUES ("Júlio","2019-08-01 03:00:00");
INSERT INTO reserva VALUES ("Júlia","2022-06-01 06:50:00");
INSERT INTO reserva VALUES ("Lucinda","2022-10-23 16:20:00");
INSERT INTO reserva VALUES ("Juan","2020-04-05 11:10:00");
INSERT INTO reserva VALUES ("Margarita","2022-01-20 00:00:00");
INSERT INTO reserva VALUES ("Mário","2022-10-06 20:10:00");
INSERT INTO reserva VALUES ("António","2022-02-11 12:50:00");
INSERT INTO reserva VALUES ("Andrea","2022-04-07 18:30:00");
INSERT INTO reserva VALUES ("Jaime","2021-01-21 05:50:00");
INSERT INTO reserva VALUES ("Inácio","2022-03-26 05:30:00");
INSERT INTO reserva VALUES ("Rosineide","2022-11-12 05:30:00");
INSERT INTO reserva VALUES ("Joaquin","2021-01-26 22:30:00");
INSERT INTO reserva VALUES ("Otília","2019-10-12 00:10:00");
INSERT INTO reserva VALUES ("Ema","2019-12-03 17:20:00");
INSERT INTO reserva VALUES ("Anne","2021-01-14 13:20:00");
INSERT INTO reserva VALUES ("Nelson","2022-07-24 21:50:00");
INSERT INTO reserva VALUES ("Aires","2019-06-11 02:30:00");
INSERT INTO reserva VALUES ("Margarita","2021-05-17 17:40:00");
INSERT INTO reserva VALUES ("Matilde","2019-04-21 20:50:00");
INSERT INTO reserva VALUES ("Diogo","2021-10-14 13:20:00");
INSERT INTO reserva VALUES ("Rosária","2019-08-10 16:00:00");
INSERT INTO reserva VALUES ("Filomena","2021-06-24 17:40:00");
INSERT INTO reserva VALUES ("Cristiana","2022-11-01 01:10:00");
INSERT INTO reserva VALUES ("Alexandre","2021-03-25 20:50:00");
INSERT INTO reserva VALUES ("Artur","2020-03-07 06:40:00");
INSERT INTO reserva VALUES ("Rosália","2022-02-23 21:50:00");
INSERT INTO reserva VALUES ("Duarte","2019-08-15 11:00:00");
INSERT INTO reserva VALUES ("Domingos","2021-06-08 11:00:00");
INSERT INTO reserva VALUES ("Arthur","2020-08-21 22:00:00");
INSERT INTO reserva VALUES ("Henriqueta","2020-08-21 16:30:00");
INSERT INTO reserva VALUES ("Alberto","2020-11-02 20:00:00");
INSERT INTO reserva VALUES ("Rosália","2021-07-03 09:30:00");
INSERT INTO reserva VALUES ("Lucinda","2021-04-15 15:30:00");
INSERT INTO reserva VALUES ("Anabela","2021-06-12 14:10:00");
INSERT INTO reserva VALUES ("Mónica","2019-04-07 05:20:00");
INSERT INTO reserva VALUES ("Rosineide","2019-05-12 09:30:00");
INSERT INTO reserva VALUES ("Frederico","2022-11-28 18:20:00");
INSERT INTO reserva VALUES ("Fernanda","2022-02-11 13:50:00");
INSERT INTO reserva VALUES ("Teresa","2020-05-24 16:50:00");
INSERT INTO reserva VALUES ("Marcos","2019-02-09 21:50:00");
INSERT INTO reserva VALUES ("Natália","2022-04-13 10:30:00");
INSERT INTO reserva VALUES ("José","2020-05-17 13:10:00");
INSERT INTO reserva VALUES ("Frederico","2020-03-07 01:00:00");
INSERT INTO reserva VALUES ("Catarina","2019-10-02 23:20:00");
INSERT INTO reserva VALUES ("Ingrid","2020-09-12 23:20:00");
INSERT INTO reserva VALUES ("Marcos","2019-07-23 06:10:00");
INSERT INTO reserva VALUES ("Gonçalo","2022-05-18 10:40:00");
INSERT INTO reserva VALUES ("Ruben","2020-01-27 11:10:00");
INSERT INTO reserva VALUES ("Magdalena","2021-06-02 22:50:00");
INSERT INTO reserva VALUES ("Luís","2020-10-18 08:30:00");
INSERT INTO reserva VALUES ("Ernesto","2022-12-15 08:50:00");
INSERT INTO reserva VALUES ("Joana","2020-01-09 22:00:00");
INSERT INTO reserva VALUES ("Ingrid","2022-03-23 01:50:00");
INSERT INTO reserva VALUES ("Sónia","2022-06-06 13:30:00");
INSERT INTO reserva VALUES ("Margarita","2022-02-27 08:20:00");
INSERT INTO reserva VALUES ("Mónica","2019-07-01 04:00:00");
INSERT INTO reserva VALUES ("Thomas","2021-10-16 00:40:00");
INSERT INTO reserva VALUES ("Joseph","2022-03-27 17:40:00");
INSERT INTO reserva VALUES ("Sebastião","2019-11-18 23:40:00");
INSERT INTO reserva VALUES ("Patrícia","2019-05-04 20:50:00");
INSERT INTO reserva VALUES ("Matilde","2021-01-22 20:30:00");
INSERT INTO reserva VALUES ("Catalina","2019-08-22 10:20:00");
INSERT INTO reserva VALUES ("Cristiana","2020-08-27 18:10:00");
INSERT INTO reserva VALUES ("Frederico","2019-12-14 15:20:00");
INSERT INTO reserva VALUES ("Tatiana","2019-08-07 15:20:00");
INSERT INTO reserva VALUES ("Carolina","2020-01-09 17:10:00");
INSERT INTO reserva VALUES ("Cristiana","2021-08-23 15:10:00");
INSERT INTO reserva VALUES ("Lourença","2021-06-10 01:30:00");
INSERT INTO reserva VALUES ("Nicholas","2021-06-13 21:30:00");
INSERT INTO reserva VALUES ("Eduardo","2019-05-03 23:20:00");
INSERT INTO reserva VALUES ("Mariano","2022-12-01 05:40:00");
INSERT INTO reserva VALUES ("Mário","2019-09-13 13:50:00");
INSERT INTO reserva VALUES ("Cláudio","2020-08-26 13:20:00");
INSERT INTO reserva VALUES ("Isabel","2021-12-11 02:10:00");
INSERT INTO reserva VALUES ("Sónia","2020-11-21 21:00:00");
INSERT INTO reserva VALUES ("Mário","2022-07-26 19:40:00");
INSERT INTO reserva VALUES ("Lucas","2019-11-03 16:30:00");
INSERT INTO reserva VALUES ("Beatriz","2019-09-01 12:50:00");
INSERT INTO reserva VALUES ("Ewa","2022-03-06 04:10:00");
INSERT INTO reserva VALUES ("Miguel","2021-08-20 13:00:00");
INSERT INTO reserva VALUES ("Lourença","2021-07-20 14:10:00");
INSERT INTO reserva VALUES ("Frederico","2021-08-24 12:10:00");
INSERT INTO reserva VALUES ("Marcos","2022-06-16 17:00:00");
INSERT INTO reserva VALUES ("Holly","2019-09-04 09:20:00");
INSERT INTO reserva VALUES ("Ethna","2019-03-18 20:20:00");
INSERT INTO reserva VALUES ("Teresa","2021-04-22 23:20:00");
INSERT INTO reserva VALUES ("Paula","2022-02-20 15:20:00");
INSERT INTO reserva VALUES ("Ernesto","2019-02-22 03:40:00");
INSERT INTO reserva VALUES ("Augusto","2020-09-20 17:50:00");
INSERT INTO reserva VALUES ("Alexandra","2019-10-13 22:50:00");
INSERT INTO reserva VALUES ("Hugo","2022-03-08 15:20:00");
INSERT INTO reserva VALUES ("Evandro","2021-05-09 09:30:00");
INSERT INTO reserva VALUES ("Juana","2019-07-03 09:40:00");
INSERT INTO reserva VALUES ("Cláudio","2021-02-28 04:50:00");
INSERT INTO reserva VALUES ("Lucinda","2022-05-08 13:50:00");
INSERT INTO reserva VALUES ("Levi","2021-07-21 07:40:00");
INSERT INTO reserva VALUES ("Raul","2021-04-25 14:20:00");
INSERT INTO reserva VALUES ("Jorge","2022-03-18 22:40:00");
INSERT INTO reserva VALUES ("Suidberto","2021-09-19 10:50:00");
INSERT INTO reserva VALUES ("Francisca","2021-06-03 11:40:00");
INSERT INTO reserva VALUES ("Adelaide","2022-02-06 14:00:00");
INSERT INTO reserva VALUES ("Virgínia","2020-01-10 09:10:00");
INSERT INTO reserva VALUES ("Bernardo","2022-07-19 22:00:00");
INSERT INTO reserva VALUES ("Flora","2019-08-04 16:00:00");
INSERT INTO reserva VALUES ("Matilde","2022-04-28 21:50:00");
INSERT INTO reserva VALUES ("Emília","2022-06-25 13:30:00");
INSERT INTO reserva VALUES ("Ingrid","2021-07-27 10:50:00");
INSERT INTO reserva VALUES ("Carlos","2019-03-13 11:10:00");
INSERT INTO reserva VALUES ("Mónica","2019-03-18 00:00:00");
INSERT INTO reserva VALUES ("Clara","2022-07-12 17:10:00");
INSERT INTO reserva VALUES ("Ernesto","2022-10-25 18:20:00");
INSERT INTO reserva VALUES ("Violeta","2022-02-01 09:20:00");
INSERT INTO reserva VALUES ("Paulo","2022-03-25 09:00:00");
INSERT INTO reserva VALUES ("Filomena","2021-08-07 02:30:00");
INSERT INTO reserva VALUES ("José","2019-02-11 15:20:00");
INSERT INTO reserva VALUES ("Venetia","2019-01-27 12:40:00");
INSERT INTO reserva VALUES ("Raquel","2021-08-01 02:50:00");
INSERT INTO reserva VALUES ("Casimir","2019-03-25 13:10:00");
INSERT INTO reserva VALUES ("Henrique","2019-10-15 13:40:00");
INSERT INTO reserva VALUES ("Denise","2020-12-18 06:50:00");
INSERT INTO reserva VALUES ("Filipa","2022-05-13 14:40:00");
INSERT INTO reserva VALUES ("Daniel","2020-08-12 12:40:00");
INSERT INTO reserva VALUES ("Paulo","2020-03-15 12:10:00");
INSERT INTO reserva VALUES ("Plácido","2022-05-12 13:10:00");
INSERT INTO reserva VALUES ("Gilka","2020-07-18 23:20:00");
INSERT INTO reserva VALUES ("Josefa","2020-09-15 01:20:00");
INSERT INTO reserva VALUES ("Joana","2022-10-08 16:20:00");
INSERT INTO reserva VALUES ("Filipa","2022-07-06 13:40:00");
INSERT INTO reserva VALUES ("Bernardo","2021-09-27 11:10:00");
INSERT INTO reserva VALUES ("Reinaldo","2020-12-07 17:40:00");
INSERT INTO reserva VALUES ("Luciana","2021-03-17 15:20:00");
INSERT INTO reserva VALUES ("Henriqueta","2022-09-14 11:40:00");
INSERT INTO reserva VALUES ("Daniela","2021-04-02 08:20:00");
INSERT INTO reserva VALUES ("Rita","2020-07-28 18:20:00");
INSERT INTO reserva VALUES ("Santiago","2021-04-06 01:10:00");
INSERT INTO reserva VALUES ("Isadora","2022-04-04 10:10:00");
INSERT INTO reserva VALUES ("Armando","2020-12-25 16:40:00");
INSERT INTO reserva VALUES ("Paulo","2022-08-05 09:20:00");
INSERT INTO reserva VALUES ("Joseph","2021-04-14 11:00:00");
INSERT INTO reserva VALUES ("Natália","2021-10-16 01:00:00");
INSERT INTO reserva VALUES ("Rosália","2022-04-05 23:10:00");
INSERT INTO reserva VALUES ("Andrea","2020-07-15 12:20:00");
INSERT INTO reserva VALUES ("Juana","2019-05-03 02:30:00");
INSERT INTO reserva VALUES ("Jacinto","2021-11-07 15:10:00");
INSERT INTO reserva VALUES ("Mário","2021-03-22 22:00:00");
INSERT INTO reserva VALUES ("Yasmin","2019-09-18 09:40:00");

SELECT * FROM pessoa;

SELECT * FROM pet;

SELECT * FROM reserva;